datum	n	anteil_bev	viruslast	viruslast_normalisiert	vorhersage	obere_schranke	untere_schranke	typ
2023-11-29	28	0.03130410332194567	1549.58	1953.1681401352737	1294.282766308875	1832.100852402947	914.3426121804576	Influenza A
2023-12-06	42	0.06614353242982404	1787.96	2325.0345288663143	2762.7700499223943	3492.2758035773486	2185.651643243455	Influenza A
2023-12-13	47	0.07630541883308146	7542.14	14938.444653300423	5470.348736424747	7035.37087005764	4253.466640324911	Influenza A
2023-12-20	29	0.031379673346641955	10117.61	14436.93719082383	8217.464370981483	10706.279982317597	6307.206686157712	Influenza A
2024-01-03	32	0.03782491332118167	8703.87	15712.782947933876	10249.73486185111	13339.302285364822	7875.754105483392	Influenza A
2024-01-10	57	0.08823362861357337	12408.07	18074.7983266856	12752.309138263246	15930.223511737831	10208.355723195493	Influenza A
2024-01-17	67	0.10420661876060536	16326.6	26846.104544893125	17669.974928786378	21342.517485073353	14629.390099003404	Influenza A
2024-01-24	54	0.08039795945522962	26533.51	45509.69998380241	24394.450208635524	29586.763425467845	20113.359221622526	Influenza A
2024-01-31	73	0.12515204540792374	30042.98	38774.47955936823	30127.164121317157	35477.32730241853	25583.83302822545	Influenza A
2024-02-07	72	0.11646864060312823	29638.41	48535.94643821783	30135.476476600383	36283.75274850239	25029.024664743883	Influenza A
2024-02-14	73	0.12515204540792374	27236.66	41845.607725090544	22310.975163510477	27060.436110216462	18395.10681643628	Influenza A
2024-02-21	74	0.12576391959847247	12929.46	18515.130139898607	12934.62736031613	15586.596510827301	10733.875405963046	Influenza A
2024-02-28	73	0.12478595457299113	4752.62	6027.258338633197	7051.706447697009	8689.973456754231	5722.291796627053	Influenza A
2024-03-06	73	0.12159548889034695	5289.4	6653.27695314273	4248.917180131049	5083.20000505579	3551.5614545280205	Influenza A
2024-03-13	73	0.12390662769268593	3058.75	3101.636730225395	2901.783217087512	3410.757527030207	2468.761198132563	Influenza A
2024-03-20	72	0.12064747922994916	2021.72	2303.6860769713653	2202.615254604604	2606.8250527877312	1861.0815308180004	Influenza A
2024-03-27	68	0.1223652125630691	1869.16	2049.3927062464563	1832.0512099277728	2131.5573765622444	1574.6288008493607	Influenza A
2024-04-03	54	0.07924211148220439	1718.92	1858.8986939501779	1663.3414148450966	1977.8458887061452	1398.8474421274516	Influenza A
2024-04-10	71	0.11871071729348594	1548.59	1348.1606553992965	1640.43992486472	1947.6261386358444	1381.7041647300073	Influenza A
2024-04-17	47	0.07413809423303508	1600.44	2128.427552652409	1696.1270953266182	2012.347785282186	1429.5973810002722	Influenza A
2024-04-24	49	0.0782721361346282	2572.78	2804.4271356792992	1734.2386367413883	2105.454939004669	1428.4721052203715	Influenza A
2024-05-01	50	0.06117388164809511	1505.2	1444.2201754846644	1680.2737996136573	1981.202267433351	1425.05391199947	Influenza A
2024-05-08	48	0.07529775923319007	1448.96	2103.555752358489	1589.92832626	1866.1373800010551	1354.6012794848446	Influenza A
2024-05-15	45	0.06881341251175262	1713.58	1607.6618115213148	1544.7068449936166	1833.8674367435017	1301.1405236614569	Influenza A
2024-05-22	46	0.06958561369587267	1635.75	2165.423213802316	1569.229401578228	1824.0676478459468	1349.9942930765328	Influenza A
2024-05-29	30	0.050154337698672856	1529.24	1901.7165562793	1611.5492975504087	1893.3295698872853	1371.7057926633593	Influenza A
2024-06-05	30	0.05736804480905351	1648.12	2842.8995350158434	1615.2761675763782	1879.2146059653226	1388.408268676674	Influenza A
2024-06-12	45	0.06937223950849493	1619.6	2178.097913228359	1586.3126263823808	1827.5824049944265	1376.8942739563315	Influenza A
2024-06-19	45	0.06836693887878621	1560.37	2076.1980254503546	1571.4817178059393	1840.9752291054756	1341.4383585151525	Influenza A
2024-06-26	46	0.06958561369587267	1562.7	1861.8656091092234	1602.5523939740374	1847.949431822583	1389.742668931691	Influenza A
2024-07-03	46	0.06958561369587267	1578.67	2571.6704086272835	1657.6444601759335	1936.2633276421013	1419.1174914716262	Influenza A
2024-07-10	44	0.06662316204068465	1898.18	2379.827636004153	1700.0282412276413	2001.2693368405462	1444.1314658496763	Influenza A
2024-07-17	44	0.06662316204068465	1619.43	1922.8855308618213	1710.441984582445	1967.212488866252	1487.1864626624183	Influenza A
2024-07-24	44	0.08467713136660418	1726.96	2168.07465718419	1699.3614798648316	1970.4462945049254	1465.5712501791163	Influenza A
2024-07-31	45	0.08605441432964142	1649.71	2163.6569655103863	1679.840815396271	1924.610907494514	1466.2003390309956	Influenza A
2024-08-07	47	0.08931036217956753	1667.66	2140.1952256812806	1660.4623702186875	1884.733889313794	1462.8777561356937	Influenza A
2024-08-14	44	0.09140916995722262	1639.75	1589.7499248516601	1647.1281145846763	1893.718996424683	1432.647098633661	Influenza A
2024-08-21	47	0.0935619139877982	1655.46	2004.6092549583495	1643.7727443156277	1857.3276563508537	1454.7723045612788	Influenza A
2024-08-28	47	0.09208499713337706	1651.42	1509.097794540016	1648.6616151247788	1880.4944507992948	1445.409806995461	Influenza A
2024-09-04	47	0.09357830823786172	1645.08	1671.553854375215	1658.9016613206425	1901.8120047715195	1447.0172209597567	Influenza A
2024-09-11	46	0.09328195519983708	1660.55	2488.6820389568798	1667.5678197837085	1889.579487949481	1471.6408869339593	Influenza A
2024-09-18	46	0.09235963342077526	1664.46	2390.2222487305157	1662.7253231266602	1913.8314829933445	1444.5657962751109	Influenza A
2024-09-25	46	0.09198902616554316	1699.25	2149.6998084331753	1635.0924582513214	1858.506558864147	1438.5353305744122	Influenza A
2024-10-02	77	0.15468954085371842	1528.19	1867.1470116279022	1596.6744167578956	1806.506480388814	1411.2150832586367	Influenza A
2024-10-09	83	0.16668502277384192	1533.6	2002.1367778000024	1568.236467945248	1797.917837159893	1367.8965570964908	Influenza A
2024-10-16	84	0.16790369759092838	1650.05	1932.0665054922672	1566.4344759658015	1766.5848412184985	1388.9607282047143	Influenza A
2024-10-23	85	0.192054040095025	1615.11	1577.1791680634997	1600.7375110615042	1818.5050132071467	1409.0478501350713	Influenza A
2024-10-30	69	0.1553085156630582	1637.12	1543.4689459917768	1681.1817589481975	1907.3299479670338	1481.8474955697627	Influenza A
2024-11-06	84	0.19014153169119374	1739.66	1603.319707145775	1796.3777195946116	2025.451134524174	1593.211930148109	Influenza A
2024-11-13	87	0.20303735784907914	1971.94	2080.4068551887694	1903.6039312672794	2199.141881093433	1647.782691189757	Influenza A
2024-11-20	93	0.20301015264018848	2188.38	3382.4808277464745	1970.3172254827248	2259.0678604657883	1718.4742596592462	Influenza A
2024-11-27	93	0.20235897018267615	2059.55	2605.45960179813	2111.242528438422	2427.515627825888	1836.1756203724683	Influenza A
2024-12-04	113	0.25549434679908195	2488.29	2634.5543282403364	2557.242855094019	2974.6461554890993	2198.4097193752345	Influenza A
2024-12-11	109	0.2705535264263042	3298.41	3767.880414399168	3650.016979812256	4198.291897735095	3173.3438925733362	Influenza A
2024-12-18	119	0.28225800151720903	5612.72	5962.935757386435	5744.34390800098	6739.257897086797	4896.308679276381	Influenza A
2024-12-25	29	0.11803398920409591	9478.51	11745.268293939838	9202.090927876332	10796.444785466916	7843.181633169607	Influenza A
2025-01-01	52	0.1663468246868482	19499.76	17711.633207366816	14358.508643533884	16647.68164666726	12384.112985949023	Influenza A
2025-01-08	50	0.1812547575775842	14822.59	24781.833043838506	21574.841222804356	25385.265262837376	18336.37619972583	Influenza A
2025-01-15	64	0.2333054939289413	23885.88	28325.144115698593	30808.44752046394	35498.05792854435	26738.37651997156	Influenza A
2025-01-22	64	0.22606699985046025	52119.41	55324.254261135145	40584.19342268996	46023.32012957852	35787.87343314154	Influenza A
2025-01-29	66	0.23264603729460734	46560.43	66938.4914167488	47605.120630876736	54102.92366201526	41887.70877591999	Influenza A
2025-02-05	66	0.23264603729460734	43839.32	46663.37563983229	48925.76274400212	54772.39283257728	43703.22595544252	Influenza A
2025-02-12	64	0.22781446332035485	42518.56	47082.96067062795	45039.50283677462	51231.43101471617	39595.942873450644	Influenza A
2025-02-19	65	0.23313272010777294	43765.35	44160.60285838826	38096.16034075896	43414.81810717465	33429.08011559706	Influenza A
2025-02-26	61	0.246419234402747	31543.22	33948.009941149445	29844.171680260068	34106.21970955211	26114.726019646976	Influenza A
2025-03-05	74	0.27049595095807677	19232.9	18927.297193935694	21528.874234483425	25105.487046574577	18461.797811145978	Influenza A
2025-03-12	71	0.2651203320766186	15476.22	15182.480186174194	14351.549591255127	16489.57633011009	12490.737878702072	Influenza A
2025-03-19	73	0.26988407676752807	8275.54	7317.188176899794	9287.026465816607	10703.988301482812	8057.63778393052	Influenza A
2025-03-26	73	0.2665011120055046	7014.26	6904.254737910533	6209.349979919158	7205.945431484814	5350.585504666724	Influenza A
2025-04-02	71	0.26626723018789555	4111.08	4030.4822411277146	4438.3625022055485	5045.127480755822	3904.571643853317	Influenza A
2025-04-09	69	0.26761573134387984	3348.22	3068.135049809074	3343.5138218913353	3825.0439776150706	2922.6029145287384	Influenza A
2025-04-16	64	0.2552250922828543	2484.27	2435.687644184578	2610.11616236363	2962.1017777345846	2299.9568861007206	Influenza A
2025-04-23	67	0.25945574527484344	2614.05	2796.293651883104	2132.776185165754	2389.7147713440418	1903.4632545087604	Influenza A
2025-04-30	65	0.2603215584566147	1723.85	1608.3130801068692	1876.412762255435	2124.4934500462964	1657.3008753114038	Influenza A
2025-05-07	68	0.26425027511934285	1705.72	1614.4534444117903	1804.4259087755574	2016.5976145921898	1614.577363724065	Influenza A
2025-05-14	70	0.26791208438190445	1805.87	1636.4532337649503	1823.6882550909834	2050.712807574243	1621.7964989894808	Influenza A
2025-05-21	69	0.26727196181977125	1877.57	1750.5152303398777	1838.514540816164	2076.7889105245263	1627.5778918420572	Influenza A
2025-05-28	69	0.2671398831977844	2045.88	2402.3573676589313	1802.1274536037427	2010.496055356962	1615.3542556718369	Influenza A
2025-06-04	69	0.24910559171358973	1633.05	1652.7192451771061	1741.4329873623933	1973.136433114084	1536.9382464281775	Influenza A
2025-06-11	69	0.24910559171358973	1549.03	1438.9256589249367	1685.5674916968899	1896.455815174778	1498.1302207684205	Influenza A
2025-06-18	66	0.26249066117488923	1760.39	1860.429620385347	1642.5905315280295	1836.0899369813988	1469.483384186136	Influenza A
2025-06-25	70	0.26791208438190445	1631.59	1639.108257046402	1609.6928749573972	1819.9432745481954	1423.7318206150458	Influenza A
2025-07-02	69	0.24910559171358973	1551.96	1403.5613304041888	1586.6826356101492	1773.284699200889	1419.7166350565597	Influenza A
2025-07-09	68	0.2640782243995873	1522.03	1687.7893906489433	1581.5267433176434	1791.7182874431965	1395.993364223676	Influenza A
2025-07-16	69	0.26692819229566267	1751.31	1921.0258182150892	1603.8432552685151	1825.2200538032873	1409.31674627959	Influenza A
2025-07-23	66	0.2560444017458987	1540.44	2264.0480897076177	1648.9633699074063	1851.5916361485838	1468.509655267309	Influenza A
2025-07-30	70	0.26791208438190445	1673.5	1752.6809162119093	1691.7841348897457	1927.3606658771203	1485.0015410904532	Influenza A
2025-08-06	69	0.26740203709522103	1921.71	1983.1033480267365	1706.5527915943196	1929.890222705579	1509.0611871257015	Influenza A
2025-08-13	54	0.2525080327972722	1549.13	1299.4297713332116	1693.117257448528	1916.6546692558002	1495.6507781253513	Influenza A
2025-08-20	59	0.2571308438374186	1582.43	1336.0968726925223	1665.3609929048944	1908.9798215871938	1452.8321385729732	Influenza A
2025-08-27	67	0.2661604008447484	1800.34	1452.7976360334883	1634.8598489447515	1838.6305265223336	1453.672549833622	Influenza A
2025-09-03	69	0.26730021019135575	1552.76	1524.5023749738764	1606.2168016325638	1817.3915392428519	1419.5798528486466	Influenza A
2025-09-10	67	0.262491656921097	1593.67	1522.696592709465	1583.1816687511766	1795.2389570448124	1396.1730199949056	Influenza A
2025-09-17	68	0.26632224516587444	1582.52	1695.2219900465388	1584.7078060899023	1777.1248925334926	1413.1245593561694	Influenza A
2025-09-24	67	0.24926781536660442	1602.89	1742.5419775531038	1648.2209364218897	1874.1579836233916	1449.5214805783169	Influenza A
2025-10-01	66	0.23767446081083732	1849.49	1617.6234143435986	1811.5380363883455	2044.302476954436	1605.2761733042134	Influenza A
2025-10-08	62	0.2341885548575256	2060.01	2241.1423598179117	2042.1140343444495	2321.650701538377	1796.234776619617	Influenza A
2025-10-15	42	0.1892881179205334	2135.91	1914.8374580111774	2246.241514336037	2587.8201175635722	1949.7494847041676	Influenza A
2025-10-22	62	0.2341885548575256	2615.35	2657.6670796447474	2343.6174697167153	2651.49775222305	2071.4868944378172	Influenza A
2025-10-29	62	0.2341885548575256	2333.49	2855.795243097953	2377.5004865847372	2708.7419550326304	2086.765242886552	Influenza A
2025-11-05	61	0.2332046627712838	2543.4	2494.6060541695906	2425.454063460389	2760.0080272043333	2131.4530088216247	Influenza A
2025-11-12	62	0.2341885548575256	2480.93	2259.953527180012	2626.6700293448885	2970.8799343025053	2322.3407191238434	Influenza A
2025-11-19	61	0.21538206218921085	2907.64	3332.8012906733516	3250.1743383364224	3743.3418434844307	2821.979309201323	Influenza A
2025-11-26	59	0.22591437803587758	5097.43	5426.460186628062	4843.265526693707	5518.022369930488	4251.019548214548	Influenza A
2025-12-03	62	0.2341885548575256	7746.18	7296.89594469856	8054.083333919417	9250.767511922764	7012.2028540998	Influenza A
2025-12-10	62	0.2341885548575256	16971.85	20808.325310964035	13213.53765385969	15383.746813683743	11349.483285480519	Influenza A
2025-12-17	60	0.23235800584989044	17003.99	15040.03564341201	19447.318276081198	22338.148809372993	16930.596682770392	Influenza A
2025-12-24	41	0.18507990478058348	21973.43	19293.287933941283	24772.221173488982	28920.761123438308	21218.76873326559	Influenza A
2025-12-31	36	0.17403777872966372	36036.42	28953.963383851587	26682.160791274324	31032.4458171341	22941.720697320325	Influenza A
2026-01-07	61	0.2335766806669769	31142.8	28715.097886881507	25847.62476174023	29369.203136858712	22748.308924502388	Influenza A
2026-01-14	62	0.2341885548575256	22537.91	28695.999190419843	25689.96171393893	29263.562418669502	22552.761123936132	Influenza A
2026-01-21	62	0.2341885548575256	24898.73	22686.513968281175	28807.577487255072	32378.2191958865	25630.703024879054	Influenza A
2026-01-28	62	0.2341885548575256	32321.16	34104.66661913607	33014.13873359919	37428.91179297306	29120.092038742074	Influenza A
2026-02-04	62	0.2341885548575256	39593.72	37379.79489556825	32995.51354931878	37896.07110840863	28728.675098504085	Influenza A
2026-02-11	61	0.2301937159049534	28095.02	31638.304225736756	26261.253401268274	30057.424649864606	22944.528290075275	Influenza A
2026-02-18	61	0.2301937159049534	17624.55	21535.799958122025	17171.715563839	20088.371490428606	14678.532580198678	Influenza A
2026-02-25	59	0.22630385705257108	9841	13395.57142442435	9683.194845173595	11252.625370545129	8332.656542093173	Influenza A
2026-03-04	61	0.2301937159049534	4909.47	4960.384400149963	5255.468036922564	5998.066019647611	4604.808315987391	Influenza A
2026-03-11	61	0.2301937159049534	2839.01	2992.053219606943	3200.471485712961	3678.2404109550207	2784.760262095599	Influenza A
2026-03-18	61	0.2301937159049534	2310.7	2460.785772545679	2443.3745030364207	2759.82293742425	2163.210864411601	Influenza A
2026-03-25	61	0.2301937159049534	2471.4	2525.5643244807043	2174.4854580812926	2451.267391070429	1928.9560268421787	Influenza A
2026-04-01	60	0.22998034171757567	2223.7	2587.1220224907493	2000.345259851401	2262.1670654399813	1768.8265467836782	Influenza A
2026-04-08	60	0.21138722323663867	1517.96	1352.158085760112	1793.3296870784618	1997.0897549988113	1610.358952824756	Influenza A
2026-04-15	61	0.2301937159049534	1662.08	1642.0807186843995	1624.4930301954043	1830.0156434163894	1442.0519379970087	Influenza A
2026-04-22	61	0.2301937159049534	1594.82	1777.9445807922657	1547.8850442378264	1740.2271528025447	1376.80193434322	Influenza A
2026-04-29	61	0.2301937159049534	1542.23	1440.2874592321973	1544.483868979136	1738.1728878124736	1372.3781093714301	Influenza A
2026-05-06	60	0.22688079714699744	1513.66	1725.2124818993036	1563.1671005183534	1781.7049093229016	1371.434389251109	Influenza A
2026-05-13	60	0.22900830375285483	1574.01	1821.0390820116952	1564.3091293155803	1755.0362208008924	1394.3091447670392	Influenza A
2026-05-20	62	0.2341885548575256	1653.38	1730.29383315991	1545.8378746470682	1740.2069213638033	1373.1785027154242	Influenza A
2026-05-27	61	0.2335766806669769	1454.09	1324.342219661428	1514.717946127646	1714.4605561378162	1338.2462770037168	Influenza A
2026-06-03	58	0.21277931199745564	1399.18	1540.8535541414396	1481.0559447000746	1663.2403989233592	1318.8272198963746	Influenza A
2026-06-10	61	0.21538206218921085	1447.24	1476.0687919818445	1458.4434590079227	1658.4340176552967	1282.5697618831045	Influenza A
2026-06-17	62	0.2341885548575256	1524.18	1509.007543606175	1458.4446385537462	1646.4196277963038	1291.9311260721493	Influenza A
2026-06-24	62	0.2341885548575256	1450.43	1422.4614096415619	1478.3307718357535	1665.306401443523	1312.3482075503282	Influenza A
2026-07-01	60	0.21743540941083297	1615.61	2038.2134363184298	1508.024759766197	1717.467240859258	1324.1234662095403	Influenza A
2026-07-08	61	0.23181773055332847	1463.8	1432.2563683123044	1538.5368270404747	1730.0532840388848	1368.2211929529035	Influenza A
2026-07-15	61	0.23181773055332847	1473.03	1300.419393616248	1565.1535792009327	1771.1142922970273	1383.1437853219352	Influenza A
2026-07-22	39	0.18193856257752225	1664.16	1452.36303001526	1583.8548478036926	1796.9216238347342	1396.0520846522898	Influenza A
2026-07-29	59	0.22639962650033912	1674.42	1538.1195487512198	1591.8481749133741	1783.6289434848306	1420.6882105333982	Influenza A
2026-08-05	59	0.20901639893244153	1625.84	1468.3325312260356	1587.9940970094176	1789.8241799191242	1408.92344646428	Influenza A
2026-08-12	61	0.23181773055332847	1474.85	1149.4141454349103	1573.0122864985665	1759.4692918842222	1406.314770532675	Influenza A
2026-08-19	60	0.2307638280253837	1585.51	1642.4194436048138	1559.0402297108521	1749.3651533192183	1389.422004459773	Influenza A
2026-08-26	61	0.23181773055332847	1699.16	1479.5670095447115	1562.9507746389677	1774.2637421285103	1376.804961935369	Influenza A
2026-09-02	56	0.21872346640118176	1409.49	1458.2753406467527	1597.8032066629953	1800.3381469576232	1418.0530982675682	Influenza A
2026-09-09	55	0.2173067447758442	1866.28	1615.4665863703628	1667.3123921847787	1898.945448137139	1463.9338986067423	Influenza A
2026-09-16	59	0.2269976432228298	1696.22	1712.6263870199439	1775.4852346970886	2024.5912710383718	1557.0292452217284	Influenza A
2026-09-23	57	0.2193353405917305	1904.57	1785.5598641785332	1924.7561426318937	2190.6145734933307	1691.1629519068777	Influenza A
2026-09-30	58	0.22354355373168042	2150.05	1811.5513510205087	2114.496204672102	2577.4744426206607	1734.6803233582082	Influenza A
2023-11-29	28	0.03130410332194567	1259.86	1614.9629251904732	1299.3368567777982	1536.3953718476926	1098.8553456463887	Influenza B
2023-12-06	42	0.06614353242982404	1436.16	1848.1156007050647	1434.8162274482256	1574.3376212897494	1307.6595380234928	Influenza B
2023-12-13	47	0.07630541883308146	1601.98	3135.304239022215	1496.6712215341777	1650.6722713382737	1357.037847102453	Influenza B
2023-12-20	29	0.031379673346641955	1430.62	2036.9293997818704	1489.0775397144944	1662.9164644665132	1333.411489189584	Influenza B
2024-01-03	32	0.03782491332118167	1312.65	2430.366635846428	1474.0724044445856	1657.5077326681003	1310.9377475104313	Influenza B
2024-01-10	57	0.08823362861357337	1815.08	2634.9960841486627	1610.7838296776185	1776.4373133477147	1460.5775990267273	Influenza B
2024-01-17	67	0.10420661876060536	1870.38	2714.8082994538213	1873.591389407466	2044.4281172059832	1717.0301390978766	Influenza B
2024-01-24	54	0.08039795945522962	2054.35	3380.8208065372864	2236.7466738877833	2459.9367614676394	2033.8066252415233	Influenza B
2024-01-31	62	0.09793622707850018	2667.38	3253.3427400983924	2640.899657922078	2876.339100688526	2424.7318410904536	Influenza B
2024-02-07	63	0.09146058128225915	3451.22	5250.917445654098	2967.295131600123	3270.8111442341346	2691.943988737833	Influenza B
2024-02-14	73	0.12515204540792374	3044.43	4651.739452619137	3063.547269939479	3372.1139136570982	2783.2161414070206	Influenza B
2024-02-21	74	0.12576391959847247	2613.97	3721.0048059007377	2995.995715755238	3264.894708337667	2749.2434306997607	Influenza B
2024-02-28	73	0.12478595457299113	3262.42	4128.818788289797	3027.582581502184	3333.5702845756387	2749.681424215805	Influenza B
2024-03-06	73	0.12159548889034695	3277.56	4111.944613776399	3369.698719003867	3672.4161286821113	3091.934317620789	Influenza B
2024-03-13	73	0.12390662769268593	3801.39	3876.4183267964577	3855.6347743682345	4216.64052031503	3525.5363699362583	Influenza B
2024-03-20	72	0.12064747922994916	4448.81	4943.319836888721	4054.392828070588	4473.273103682232	3674.7367807208075	Influenza B
2024-03-27	68	0.1223652125630691	3372.62	3974.4824775770016	3716.077813518583	4059.844267117496	3401.419711581611	Influenza B
2024-04-03	54	0.07924211148220439	3785.66	4125.0507072213095	3149.594563877408	3470.7777727373286	2858.133411688432	Influenza B
2024-04-10	71	0.11871071729348594	2676.16	2310.1995388268024	2645.1119390075382	2893.3999944110137	2418.1299451839054	Influenza B
2024-04-17	47	0.07413809423303508	1883.2	2528.3457568982544	2274.7709038800117	2459.3994319759536	2104.0025454432484	Influenza B
2024-04-24	60	0.1024469692537872	2596.39	2946.534146459927	2014.9367069099226	2205.268885195862	1841.0317037110037	Influenza B
2024-05-01	50	0.06117388164809511	1812.52	1724.09960426366	1843.923361394799	2004.1813433331117	1696.4798988912537	Influenza B
2024-05-08	48	0.07529775923319007	1620.32	2353.339606265291	1732.2756847271921	1890.2934369910233	1587.4673154839465	Influenza B
2024-05-15	44	0.05411430182573031	1874.69	1577.7584851468068	1655.7439531532805	1815.2197521806058	1510.2788712553008	Influenza B
2024-05-22	46	0.06958561369587267	1539.24	2032.705340523199	1600.3540634289006	1730.1843143832502	1480.2660658996597	Influenza B
2024-05-29	30	0.050154337698672856	1500.71	1857.7870465257981	1561.863996946442	1694.2702654078216	1439.8052039060792	Influenza B
2024-06-05	30	0.05736804480905351	1598.27	2751.543372038568	1537.3033049217854	1660.000373203459	1423.6752530138042	Influenza B
2024-06-12	45	0.06937223950849493	1518.13	2036.4928070651986	1521.8774316526683	1640.7566106203199	1411.6115101910646	Influenza B
2024-06-19	45	0.06836693887878621	1482.72	1968.0781628700952	1509.6820510073196	1644.9094026099356	1385.571686511983	Influenza B
2024-06-26	46	0.06958561369587267	1508.83	1793.2386060821427	1497.874062155205	1614.2770494289111	1389.8647118046256	Influenza B
2024-07-03	46	0.06958561369587267	1486.04	2414.775147342942	1494.3922422801693	1612.896490258282	1384.5948498713242	Influenza B
2024-07-10	44	0.06662316204068465	1513.7	1893.7481718490214	1509.5063451376905	1634.5680954189431	1394.0131416959632	Influenza B
2024-07-17	44	0.06662316204068465	1505.96	1784.3485339806816	1542.5448423309492	1650.2358524088954	1441.8815268911237	Influenza B
2024-07-24	44	0.08467713136660418	1607.96	2022.090378516307	1576.3257746976037	1691.4944043295461	1468.9986213468417	Influenza B
2024-07-31	45	0.08605441432964142	1580.68	2076.335025161015	1592.9383777578805	1702.1685888059228	1490.7176010773055	Influenza B
2024-08-07	47	0.08931036217956753	1577.58	2027.4519599907421	1592.1555604689916	1698.4383222131662	1492.5236292532106	Influenza B
2024-08-14	44	0.09140916995722262	1595.98	1549.7282680434644	1584.3237724768403	1701.317249117244	1475.3755170222626	Influenza B
2024-08-21	47	0.0935619139877982	1582.01	1920.7205246735389	1578.311292627378	1679.3703986682992	1483.333598359517	Influenza B
2024-08-28	47	0.09208499713337706	1571.09	1439.4751311977393	1577.641166278338	1684.529391434328	1477.5353058202236	Influenza B
2024-09-04	47	0.09357830823786172	1574.27	1601.7928435843864	1584.5452063276366	1697.475881919479	1479.1276492581082	Influenza B
2024-09-11	46	0.09328195519983708	1582.96	2375.753467016327	1592.2523646702123	1700.6815544287037	1490.7362205439658	Influenza B
2024-09-18	46	0.09235963342077526	1600.58	2301.8441156600297	1582.8695328571675	1705.595263396233	1468.9745051580924	Influenza B
2024-09-25	46	0.09198902616554316	1609.72	2065.0907247989458	1542.7954790711829	1652.192133696066	1440.6423089049406	Influenza B
2024-10-02	77	0.15468954085371842	1441.07	1761.5539984027346	1492.806083165401	1590.5030734046181	1401.1101513720319	Influenza B
2024-10-09	83	0.16668502277384192	1449.13	1892.3318009593172	1466.7657234825706	1568.8635352510457	1371.3121882452872	Influenza B
2024-10-16	84	0.16790369759092838	1481.66	1735.2584248294595	1483.802346175034	1574.3473967358523	1398.464790604241	Influenza B
2024-10-23	85	0.192054040095025	1557.58	1520.993797695112	1529.3777266303186	1628.5014027918453	1436.287513601787	Influenza B
2024-10-30	68	0.15450903814531838	1567.47	1478.8335624502658	1583.4239995330495	1687.5340988025152	1485.7368298965844	Influenza B
2024-11-06	84	0.19014153169119374	1686.47	1554.3936476274635	1636.0007564383266	1737.533194316278	1540.4013481998445	Influenza B
2024-11-13	85	0.19142157529539433	1604.66	1684.3659630201219	1689.425963947082	1810.1198490867325	1576.77961992326	Influenza B
2024-11-20	91	0.20233324673897563	1835.33	2876.5944276078512	1747.8633891179384	1868.191094840459	1635.2858310138454	Influenza B
2024-11-27	87	0.19337167311856865	1809.9	2269.6996461995714	1821.9607469944933	1948.4813645184609	1703.655484746763	Influenza B
2024-12-04	113	0.2557146793557925	1971.9	2075.1797221118973	1926.92099285412	2066.9080345450025	1796.4149592747951	Influenza B
2024-12-11	109	0.2705535264263042	1967.14	2245.775886526126	2088.898448923471	2228.394194523757	1958.1350286399531	Influenza B
2024-12-18	120	0.2827929780214511	2610.05	2770.162854764187	2362.6479737774557	2545.130773440543	2193.248970247902	Influenza B
2024-12-25	29	0.11803398920409591	2618.34	3247.42840113617	2841.0014230074953	3073.6998289812486	2625.9197496867387	Influenza B
2025-01-01	51	0.1657571651200298	3905.35	3540.190770732169	3700.735283433303	3996.1827515214745	3427.130962124762	Influenza B
2025-01-08	49	0.17051229186459346	5398.82	8581.69489808642	5321.007596911238	5770.1792851440305	4906.801062366015	Influenza B
2025-01-15	64	0.2333054939289413	6434.1	7654.223350556895	8502.45240667765	9136.132202077264	7912.724479991844	Influenza B
2025-01-22	64	0.22606699985046025	15776.72	16776.539466935992	14218.426005100393	15164.760155558026	13331.146420302617	Influenza B
2025-01-29	66	0.23264603729460734	23117.15	33519.36532812623	22896.95554592162	24392.397529945494	21493.195682313988	Influenza B
2025-02-05	66	0.23264603729460734	34396.26	36676.89287596847	33143.91639248224	35012.56914604276	31374.99534095205	Influenza B
2025-02-12	64	0.22781446332035485	39651.33	43984.44500671907	41421.11672416247	43840.36752080698	39135.367874423115	Influenza B
2025-02-19	65	0.23313272010777294	45415.27	45903.81988859617	43176.436988356974	45636.69391030067	40848.81158730892	Influenza B
2025-02-26	61	0.246419234402747	38749.24	41761.14619980709	37645.628783964654	39712.37287947004	35686.44389095947	Influenza B
2025-03-05	74	0.27049595095807677	25358.58	25042.912566746163	28352.65837444372	30114.49365792916	26693.898493832166	Influenza B
2025-03-12	71	0.2651203320766186	21663.47	21279.682925685614	19120.10521683661	20275.694713398727	18030.377191530628	Influenza B
2025-03-19	73	0.26988407676752807	11396.2	10133.551849906455	12137.55788152712	12926.026525816938	11397.184667165946	Influenza B
2025-03-26	73	0.2665011120055046	7808.65	7621.563715959144	7655.927689584387	8183.6858018585	7162.204195917929	Influenza B
2025-04-02	71	0.26626723018789555	4696.67	4610.131006519573	5015.491866930829	5332.902297319599	4716.973472379697	Influenza B
2025-04-09	69	0.26761573134387984	3462.1	3175.778783750713	3507.621594679898	3736.2346087452115	3292.9969715142606	Influenza B
2025-04-16	64	0.2552250922828543	2781.27	2730.2348164667046	2682.7147524189745	2845.6167608120095	2529.138337234391	Influenza B
2025-04-23	67	0.25945574527484344	2227.36	2387.424654179839	2250.459379238008	2369.750244368991	2137.173497348408	Influenza B
2025-04-30	65	0.2603215584566147	1915.2	1789.1741074176	2047.0800395758458	2159.3665177854373	1940.6324280361162	Influenza B
2025-05-07	68	0.26425027511934285	2092.77	1982.8809370914796	1988.994400361394	2089.4423399097404	1893.3753993134246	Influenza B
2025-05-14	70	0.26791208438190445	1994.21	1808.9168315500106	2006.5655842927608	2103.523446231017	1914.076808262951	Influenza B
2025-05-21	69	0.26727196181977125	2200.28	2053.5486926594804	2036.8000711858017	2139.4505418194144	1939.0747525551612	Influenza B
2025-05-28	69	0.2671398831977844	2071.57	2435.070970938856	2043.9447821062658	2139.661174394486	1952.5102022200795	Influenza B
2025-06-04	69	0.24910559171358973	1848.35	1871.5353574280166	2033.3529896660673	2122.7239373043	1947.7447386938452	Influenza B
2025-06-11	69	0.24910559171358973	2028.95	1885.6509358244439	2013.6751066626891	2099.49587467106	1931.3624209089219	Influenza B
2025-06-18	66	0.26249066117488923	2145.39	2269.6724866967274	1988.888691883363	2069.53529429745	1911.3847633337211	Influenza B
2025-06-25	70	0.26791208438190445	2069.62	2081.2252857187436	1960.2171122674629	2036.744197210742	1886.5653980938346	Influenza B
2025-07-02	69	0.24910559171358973	1942.55	1757.6677713179329	1929.1065472287821	2000.9880666180638	1859.807228561189	Influenza B
2025-07-09	68	0.2640782243995873	2050.13	2275.8290935801388	1897.8944936174776	1965.286583196762	1832.8133615223044	Influenza B
2025-07-16	69	0.26692819229566267	1835.54	2015.4545810240118	1868.9541665576066	1932.6331879823274	1807.373327961798	Influenza B
2025-07-23	66	0.2560444017458987	1764.5	2596.3402910709783	1843.7220631679609	1903.8026310386904	1785.537529359176	Influenza B
2025-07-30	70	0.26791208438190445	1766.56	1851.9836571891012	1822.5656093756909	1879.881943249662	1766.996811904497	Influenza B
2025-08-06	69	0.26740203709522103	1765.93	1824.1784259561416	1805.7186011118101	1860.7345175481241	1752.3293278278547	Influenza B
2025-08-13	54	0.2525080327972722	1781.7	1496.535707639733	1792.8396402991252	1845.9202623741262	1741.2853855853264	Influenza B
2025-08-20	59	0.2571308438374186	1832.82	1549.3977215704558	1783.3263808365011	1835.008603783294	1733.0997653256707	Influenza B
2025-08-27	67	0.2661604008447484	1767.41	1427.7504675664322	1776.6418515930486	1827.0227935922574	1727.6501858117554	Influenza B
2025-09-03	69	0.26730021019135575	1715.53	1685.301210982548	1772.3730794990752	1821.730783103498	1724.3526661944582	Influenza B
2025-09-10	66	0.2582834437811471	1816.79	1721.1652607411709	1770.140877817241	1818.6622135164955	1722.914076089464	Influenza B
2025-09-17	68	0.26632224516587444	1715.56	1838.8949473927137	1769.6032950248134	1817.31562506769	1723.1436182947236	Influenza B
2025-09-24	68	0.2564579090669153	1714.33	1853.766720235033	1770.4546347256153	1817.5463021923645	1724.5830875617844	Influenza B
2025-10-01	66	0.23767446081083732	1708.45	1493.1208412993158	1772.396758756621	1818.8772936721325	1727.1040115679384	Influenza B
2025-10-08	62	0.2341885548575256	1805.68	1964.4691437390695	1775.1523021238825	1821.0643545098853	1730.3977687179608	Influenza B
2025-10-15	42	0.1892881179205334	1844.4	1653.6850029310272	1778.4521614558005	1823.8773157301391	1734.1583577515091	Influenza B
2025-10-22	62	0.2341885548575256	1805.39	1837.1287422417768	1782.0671308362118	1826.9569338836216	1738.280306397801	Influenza B
2025-10-29	62	0.2341885548575256	1791.46	2194.2153104081362	1785.8675477139511	1830.275044451127	1742.537498747503	Influenza B
2025-11-05	61	0.2332046627712838	1804.07	1769.503764077865	1789.739644986034	1833.6696649154696	1746.862075608584	Influenza B
2025-11-12	62	0.2341885548575256	1800.16	1639.8389751573166	1793.6041183804537	1837.032080536227	1751.2028056321597	Influenza B
2025-11-19	61	0.21538206218921085	1752.48	2007.4169385913708	1797.414807497866	1840.390112968197	1755.443026697253	Influenza B
2025-11-26	59	0.22591437803587758	1787.47	1903.015269330247	1801.1269518954712	1843.6248877644427	1759.608648361206	Influenza B
2025-12-03	62	0.2341885548575256	1791.46	1687.570594765975	1804.6980424725953	1846.7383107639214	1763.6148042854834	Influenza B
2025-12-10	62	0.2341885548575256	1803.26	2210.9062114321077	1808.0862508179018	1849.705584328112	1767.4033738640812	Influenza B
2025-12-17	60	0.23235800584989044	1813.11	1603.6939429606812	1811.2539332407898	1852.4414775457935	1770.9821608111404	Influenza B
2025-12-24	41	0.18507990478058348	1880.88	1651.5229481378215	1814.172590939655	1854.9751300701485	1774.2675555937176	Influenza B
2025-12-31	35	0.16714551983256765	1745.4	1400.780049770839	1816.815079666231	1857.2472599870423	1777.2631058966497	Influenza B
2026-01-07	61	0.2335766806669769	1792.7	1652.9052030510798	1819.1585246622788	1859.230000621207	1779.9506982706394	Influenza B
2026-01-14	62	0.2341885548575256	1809.52	2303.958799566702	1821.1836284435983	1860.9368069273391	1782.279654077739	Influenza B
2026-01-21	62	0.2341885548575256	1834.71	1671.718550072376	1822.8718352359242	1862.3044398239003	1784.2741802251178	Influenza B
2026-01-28	62	0.2341885548575256	1823.9	1924.5666136925247	1824.2074833876247	1863.3440459867481	1785.8929217149398	Influenza B
2026-02-04	62	0.2341885548575256	1905.6	1799.0626770083359	1825.1760260480225	1864.0387839652817	1787.123505538873	Influenza B
2026-02-11	61	0.2301937159049534	1875.06	2111.648373261862	1825.771715058912	1864.3561947039798	1787.98577491703	Influenza B
2026-02-18	61	0.2301937159049534	1871.54	2286.9962684790758	1826.0045229001103	1864.3373814182019	1788.4598307604936	Influenza B
2026-02-25	59	0.22630385705257108	1842.52	2508.3264786886416	1825.886844033129	1863.9701914644668	1788.5815891690527	Influenza B
2026-03-04	61	0.2301937159049534	1855.4	1874.7461005826412	1825.4389451148782	1863.2765724011147	1788.3696879460242	Influenza B
2026-03-11	61	0.2301937159049534	1808.47	1906.0619469232943	1824.6867156521703	1862.298147148743	1787.8348938783408	Influenza B
2026-03-18	61	0.2301937159049534	1800.89	1917.967060410662	1823.6556029436101	1861.033366615709	1787.0285497328007	Influenza B
2026-03-25	61	0.2301937159049534	1860.64	1901.51784413511	1822.368269893737	1859.5230690215715	1785.9558541873441	Influenza B
2026-04-01	60	0.22998034171757567	1809.82	2105.6937908379305	1820.8466195695419	1857.7833520437991	1784.644268854263	Influenza B
2026-04-08	60	0.21138722323663867	1748.55	1556.5970875231437	1819.1092427052276	1855.8191970360035	1783.1254478780932	Influenza B
2026-04-15	61	0.2301937159049534	1845.99	1823.8755852384022	1817.1695767611977	1853.6630683910398	1781.3945409036298	Influenza B
2026-04-22	61	0.2301937159049534	1846.6	2058.73921641917	1815.0405798345923	1851.3122789249655	1779.4795313296875	Influenza B
2026-04-29	61	0.2301937159049534	1842.13	1720.452085145515	1812.7346560614085	1848.7867486977277	1777.3855938770184	Influenza B
2026-05-06	60	0.22688079714699744	1865.79	2126.762924470451	1810.2638619748373	1846.11170205816	1775.112116086252	Influenza B
2026-05-13	60	0.22900830375285483	1833.5	2121.416788981552	1807.6412839247826	1843.2919112907284	1772.6801660303427	Influenza B
2026-05-20	62	0.2341885548575256	1843.3	1929.0723435134746	1804.8837277771206	1840.3697067603764	1770.081988867897	Influenza B
2026-05-27	61	0.2335766806669769	1792.73	1632.7237376233054	1802.0087367732906	1837.3722666815074	1767.3258415248251	Influenza B
2026-06-03	58	0.21277931199745564	1754.76	1931.2577591227405	1799.0323498142438	1834.327468441018	1764.4163604161984	Influenza B
2026-06-10	59	0.18824563091161337	1732.36	1771.6842318805466	1795.968624580587	1831.282628194333	1761.3356075234935	Influenza B
2026-06-17	59	0.18824563091161337	1764.56	1653.154980824113	1792.8309276557711	1828.2633621251239	1758.0851871488055	Influenza B
2026-06-24	59	0.18824563091161337	1732.36	1573.523622933961	1789.6282400407988	1825.3102129913293	1754.6437941103773	Influenza B
2026-07-01	57	0.1714924854649207	2173.18	2871.486159678816	1786.3672206751655	1822.4615013989967	1750.9877957109597	Influenza B
2026-07-08	58	0.1858748066074162	1781.79	1728.646790361715	1783.0555039711255	1819.7433877138994	1747.1072854045576	Influenza B
2026-07-15	58	0.1858748066074162	1728.93	1502.2410866512041	1779.703813014385	1817.2034967904117	1742.9779700799513	Influenza B
2026-07-22	36	0.13599563863161	1770.84	1489.3895773831769	1776.3233372488282	1814.8730733054658	1738.5924364991304	Influenza B
2026-07-29	56	0.18045670255442686	1733.06	1591.7255440755923	1772.9236591519975	1812.7796498558844	1733.9439470377972	Influenza B
2026-08-05	57	0.18187996765484402	1728.12	1519.3925001131643	1769.5125303633968	1810.952454736594	1729.0208734764963	Influenza B
2026-08-12	58	0.1858748066074162	1772.38	1343.864664373715	1766.097175825081	1809.4008984699249	1723.8298251619726	Influenza B
2026-08-19	57	0.18482090407947147	1742.59	1709.6300745612364	1762.6820008800944	1808.1365145795012	1718.3701624151015	Influenza B
2026-08-26	58	0.1858748066074162	1740.73	1483.7231197210517	1759.2701267453745	1807.1615214472988	1712.6478967856578	Influenza B
2026-09-02	53	0.1727805424552695	1718.56	1813.5591069163195	1755.8640666735062	1806.4677727143526	1706.677897720089	Influenza B
2026-09-09	52	0.17136382082993193	1777.88	1495.92485110594	1752.4648247600974	1806.051306464092	1700.4682818419697	Influenza B
2026-09-16	56	0.18105471927691755	1726.63	1723.068311663849	1749.0731368037707	1805.897766483708	1694.0365588054906	Influenza B
2026-09-23	54	0.17339241664581823	1717.21	1542.8637114500696	1745.6891920256226	1805.9924446798632	1687.3995038751505	Influenza B
2026-09-30	55	0.17760062978576815	1776.86	1452.483779115594	1742.3126385325393	1806.3215482817204	1680.571952030308	Influenza B
2023-11-29	28	0.03130410332194567	2809.44	3568.131065325747	2629.9565020952246	3484.573357012503	1984.9406209209358	Influenza A+B
2023-12-06	42	0.06614353242982404	3224.12	4173.150129571379	3681.6776366347485	4557.482077721367	2974.17521099139	Influenza A+B
2023-12-13	47	0.07630541883308146	9144.13	18073.748892322645	7530.662911447451	9129.411042554231	6211.8885458775	Influenza A+B
2023-12-20	29	0.031379673346641955	11548.24	16473.866590605692	11715.00529979384	14804.03232648274	9270.538333578785	Influenza A+B
2024-01-03	32	0.03782491332118167	10016.52	18143.1495837803	11117.238209045358	13693.351719878914	9025.765782181397	Influenza A+B
2024-01-10	57	0.08823362861357337	14223.15	20709.794410834256	13092.566198219789	15564.02397474218	11013.558571545884	Influenza A+B
2024-01-17	67	0.10420661876060536	18196.98	29560.91284434692	18697.144978675897	21654.326102653275	16143.80557013923	Influenza A+B
2024-01-24	54	0.08039795945522962	28587.86	48890.52079033966	27237.000916393252	32038.58247447716	23155.02627217009	Influenza A+B
2024-01-31	62	0.09793622707850018	32710.35	42027.82229946665	34806.80332983774	39795.402731424634	30443.555659390928	Influenza A+B
2024-02-07	63	0.09146058128225915	33089.63	53786.8638838719	35254.385740015125	41100.28067316095	30239.981176512836	Influenza A+B
2024-02-14	73	0.12515204540792374	30281.09	46497.34717770964	26002.808964556218	30326.439584466752	22295.596954728844	Influenza A+B
2024-02-21	74	0.12576391959847247	15543.43	22236.13494579934	15408.13330242841	17652.682504675595	13448.97988181238	Influenza A+B
2024-02-28	73	0.12478595457299113	8015.03	10156.077126923004	9480.09009989791	11101.17906463208	8095.726388966325	Influenza A+B
2024-03-06	73	0.12159548889034695	8566.96	10765.22156691913	7458.639635628689	8525.714743661143	6525.119228922485	Influenza A+B
2024-03-13	73	0.12390662769268593	6860.14	6978.055057021854	6964.294591425178	7946.8327819648375	6103.23640711641	Influenza A+B
2024-03-20	72	0.12064747922994916	6470.53	7247.005913860085	6529.618205440919	7554.496198711699	5643.779914284208	Influenza A+B
2024-03-27	68	0.1223652125630691	5241.78	6023.875183823459	5634.124410517248	6384.680812064907	4971.800283767047	Influenza A+B
2024-04-03	54	0.07924211148220439	5504.58	5983.94940117149	4771.137379103363	5519.930749936477	4123.919831881817	Influenza A+B
2024-04-10	71	0.11871071729348594	4224.76	3658.3601942260993	4278.486532116064	4904.009384180753	3732.7512187370307	Influenza A+B
2024-04-17	47	0.07413809423303508	3483.65	4656.773309550662	4070.864255292284	4632.8249739563935	3577.06925648523	Influenza A+B
2024-04-24	49	0.0782721361346282	5169.17	5750.961282139227	3895.97805376608	4566.445698721084	3323.95171143237	Influenza A+B
2024-05-01	50	0.06117388164809511	3317.72	3168.3197797483253	3603.476572743085	4121.744593318166	3150.375554894531	Influenza A+B
2024-05-08	48	0.07529775923319007	3069.28	4456.895358623782	3306.244901910407	3807.993929441855	2870.6073470581323	Influenza A+B
2024-05-15	44	0.05411430182573031	3588.27	3185.4202966681214	3144.9715394720474	3670.8157685586775	2694.454477614048	Influenza A+B
2024-05-22	46	0.06958561369587267	3174.99	4198.128554325516	3145.4265767653437	3566.6297168817837	2773.965658109184	Influenza A+B
2024-05-29	30	0.050154337698672856	3029.95	3759.5036028051	3194.317086988671	3673.02224119504	2778.0015971011285	Influenza A+B
2024-06-05	30	0.05736804480905351	3246.39	5594.44290705441	3177.1093455383348	3620.91177059964	2787.7022233644225	Influenza A+B
2024-06-12	45	0.06937223950849493	3137.73	4214.590720293559	3100.8612503547297	3480.7446652196195	2762.4377593766453	Influenza A+B
2024-06-19	45	0.06836693887878621	3043.09	4044.27618832045	3049.50877984754	3478.034530880922	2673.7813313233087	Influenza A+B
2024-06-26	46	0.06958561369587267	3071.53	3655.104215191367	3079.57004001617	3435.198906859242	2760.7576412616136	Influenza A+B
2024-07-03	46	0.06958561369587267	3064.71	4986.445555970224	3157.6759389201775	3562.2402854392585	2799.058046699372	Influenza A+B
2024-07-10	44	0.06662316204068465	3411.87	4273.575807853174	3228.131097076789	3680.2045855507504	2831.5899667177587	Influenza A+B
2024-07-17	44	0.06662316204068465	3125.38	3707.234064842504	3260.796656212047	3648.1432915426185	2914.5770830365564	Influenza A+B
2024-07-24	44	0.08467713136660418	3334.92	4190.165035700499	3267.22822510085	3719.874837535529	2869.6611421388166	Influenza A+B
2024-07-31	45	0.08605441432964142	3230.39	4239.9919906714	3262.2184097704403	3674.6182594807647	2896.1019081609147	Influenza A+B
2024-08-07	47	0.08931036217956753	3245.24	4167.647185672021	3252.1227498204335	3618.425259109948	2922.901987065266	Influenza A+B
2024-08-14	44	0.09140916995722262	3235.73	3139.478192895125	3238.498222286204	3639.163562439181	2881.9454129512437	Influenza A+B
2024-08-21	47	0.0935619139877982	3237.47	3925.3297796318893	3224.821025650456	3546.952497141213	2931.9452842571372	Influenza A+B
2024-08-28	47	0.09208499713337706	3222.51	2948.5729257377557	3220.8517860800607	3610.5102907056244	2873.2465476141006	Influenza A+B
2024-09-04	47	0.09357830823786172	3219.35	3273.346697959601	3236.9879850589955	3663.1578283674694	2860.3985158035043	Influenza A+B
2024-09-11	46	0.09328195519983708	3243.5	4864.435505973209	3262.1077844869	3646.069343105586	2918.580585345129	Influenza A+B
2024-09-18	46	0.09235963342077526	3265.04	4692.0663643905455	3258.2122789944783	3713.3645541349333	2858.848653351108	Influenza A+B
2024-09-25	46	0.09198902616554316	3308.97	4214.7905332321225	3193.795393034349	3582.154692182125	2847.5400671079747	Influenza A+B
2024-10-02	77	0.15468954085371842	2969.26	3628.701010030638	3098.428135992303	3442.4666737674324	2788.772651617924	Influenza A+B
2024-10-09	83	0.16668502277384192	2982.72	3894.4685787593203	3026.3978408968114	3413.087774964991	2683.518413609749	Influenza A+B
2024-10-16	84	0.16790369759092838	3131.7	3667.3249303217262	3018.4538646625547	3339.9824921478294	2727.87769232805	Influenza A+B
2024-10-23	85	0.192054040095025	3172.7	3098.172965758611	3091.564318732163	3451.137675353139	2769.4548395203797	Influenza A+B
2024-10-30	68	0.15450903814531838	3204.59	3022.3025084420437	3263.1557593168227	3637.7215595113616	2927.1579298644488	Influenza A+B
2024-11-06	84	0.19014153169119374	3426.13	3157.7133547732383	3498.178654517972	3848.4287172526883	3179.8052654749667	Influenza A+B
2024-11-13	84	0.18940637463682677	3576.6	3764.7728182088895	3683.225062863443	4142.901314669506	3274.552260192476	Influenza A+B
2024-11-20	87	0.19531406576275434	4023.71	6259.075255354323	3723.987166962353	4149.012076642021	3342.501820559737	Influenza A+B
2024-11-27	86	0.19215968402602004	3869.46	4875.159247997703	3825.886015637155	4281.753726504729	3418.5534104962912	Influenza A+B
2024-12-04	110	0.25008886738551245	4460.19	4709.734050352235	4363.991676660587	4938.292612223096	3856.4793238101693	Influenza A+B
2024-12-11	109	0.2705535264263042	5265.55	6013.656300925297	5771.406010990542	6418.544860307996	5189.51383352946	Influenza A+B
2024-12-18	119	0.28225800151720903	8222.77	8733.098612150627	8315.654755540601	9476.635441869428	7296.905577672405	Influenza A+B
2024-12-25	29	0.11803398920409591	12096.86	14992.696695076012	12115.466769270706	13852.047571544555	10596.594783491328	Influenza A+B
2025-01-01	51	0.1657571651200298	23405.11	21251.823978098968	17438.126553858325	19700.48926952956	15435.568809892826	Influenza A+B
2025-01-08	49	0.17051229186459346	20221.41	33363.52794192489	25379.763806306317	29170.14879194039	22081.90350547227	Influenza A+B
2025-01-15	64	0.2333054939289413	30319.98	35979.367466255506	37862.21790123778	42495.07284464456	33734.44139375028	Influenza A+B
2025-01-22	64	0.22606699985046025	67896.13	72100.79372807112	55067.114772122695	60349.44760476267	50247.139778075165	Influenza A+B
2025-01-29	66	0.23264603729460734	69677.58	100457.85674487507	72655.3337727614	79815.93519733266	66137.1380612198	Influenza A+B
2025-02-05	66	0.23264603729460734	78235.57	83340.26851580072	83501.6166718847	90167.05162702827	77328.91184753239	Influenza A+B
2025-02-12	64	0.22781446332035485	82169.88	91067.40567734705	85455.06634480272	93518.8553898502	78086.58835218378	Influenza A+B
2025-02-19	65	0.23313272010777294	89180.62	90064.4227469845	80036.45682144102	87468.63963575302	73235.78424457391	Influenza A+B
2025-02-26	61	0.246419234402747	70292.46	75709.15614095655	68303.83489489905	74609.83417640018	62530.81665238904	Influenza A+B
2025-03-05	74	0.27049595095807677	44591.48	43970.20976068181	51580.25378855169	57497.79105012566	46271.73552757878	Influenza A+B
2025-03-12	71	0.2651203320766186	37139.69	36462.163111859794	34041.662365626355	37427.935153175946	30961.760831119977	Influenza A+B
2025-03-19	73	0.26988407676752807	19671.74	17450.740026806234	21070.60134048123	23352.394284087663	19011.765365404564	Influenza A+B
2025-03-26	73	0.2665011120055046	14822.91	14525.818453869688	13444.53721818881	15049.887993921335	12010.42699349467	Influenza A+B
2025-04-02	71	0.26626723018789555	8807.75	8640.613247647289	9325.893338192018	10272.403108030747	8466.595950400455	Influenza A+B
2025-04-09	69	0.26761573134387984	6810.32	6243.913833559787	6908.40308036719	7704.304464908826	6194.723136683783	Influenza A+B
2025-04-16	64	0.2552250922828543	5265.54	5165.922460651282	5345.1789827187595	5916.890269379536	4828.7085033764515	Influenza A+B
2025-04-23	67	0.25945574527484344	4841.41	5183.71830606294	4361.331517794909	4775.754615324869	3982.8705911887246	Influenza A+B
2025-04-30	65	0.2603215584566147	3639.05	3397.487187524469	3871.599845603695	4296.276423271393	3488.901524884888	Influenza A+B
2025-05-07	68	0.26425027511934285	3798.49	3597.3343815032717	3796.769040685429	4153.2595368572365	3470.877516894959	Influenza A+B
2025-05-14	70	0.26791208438190445	3800.08	3445.370065314961	3912.9078609636	4316.180911250216	3547.3137579758736	Influenza A+B
2025-05-21	69	0.26727196181977125	4077.85	3804.063922999358	3969.169503586276	4406.577959357904	3575.179355386903	Influenza A+B
2025-05-28	69	0.2671398831977844	4117.45	4837.428338597785	3861.2753647817894	4223.929850789307	3529.757351411666	Influenza A+B
2025-06-04	69	0.24910559171358973	3481.4	3524.2546026051214	3720.763637825524	4129.991015929874	3352.0852697176165	Influenza A+B
2025-06-11	69	0.24910559171358973	3577.98	3324.5765947493805	3671.9762597918007	4045.0503821767084	3333.3106830721194	Influenza A+B
2025-06-18	66	0.26249066117488923	3905.78	4130.102107082073	3697.859860584051	4049.1690878349063	3377.0305096916277	Influenza A+B
2025-06-25	70	0.26791208438190445	3701.21	3720.3335427651455	3705.177665007389	4111.161952012839	3339.28502197491	Influenza A+B
2025-07-02	69	0.24910559171358973	3494.51	3161.22910172212	3632.1467363031625	3975.991768703909	3318.037531636589	Influenza A+B
2025-07-09	68	0.2640782243995873	3572.16	3963.6184842290804	3527.827977981292	3903.837374518514	3188.035014845506	Influenza A+B
2025-07-16	69	0.26692819229566267	3586.85	3936.4803992391003	3458.6263833384546	3841.206609125883	3114.1507543763623	Influenza A+B
2025-07-23	66	0.2560444017458987	3304.93	4860.388380778597	3444.9825063425324	3766.67396414232	3150.764993727941	Influenza A+B
2025-07-30	70	0.26791208438190445	3440.06	3604.6645734010112	3455.67445432673	3828.8922325418503	3118.835738648808	Influenza A+B
2025-08-06	69	0.26740203709522103	3687.64	3807.281773982877	3459.7878551815948	3797.1456046404433	3152.4026859105725	Influenza A+B
2025-08-13	54	0.2525080327972722	3330.83	2795.965478972946	3450.860531320592	3768.5302744134683	3159.9688842833193	Influenza A+B
2025-08-20	59	0.2571308438374186	3415.26	2885.494594262978	3434.816742958938	3796.7452334038744	3107.3894434401864	Influenza A+B
2025-08-27	67	0.2661604008447484	3567.75	2880.548103599921	3414.5495903604783	3722.807991332674	3131.8158046763024	Influenza A+B
2025-09-03	69	0.26730021019135575	3268.29	3209.8035859564247	3384.0888186960424	3722.99947569179	3076.029746336617	Influenza A+B
2025-09-10	66	0.2582834437811471	3410.46	3243.8618534506345	3337.4923716922913	3680.0577582343153	3026.815355324379	Influenza A+B
2025-09-17	68	0.26632224516587444	3298.08	3534.1169374392525	3304.578345997122	3605.1083816516066	3029.101177765477	Influenza A+B
2025-09-24	67	0.24926781536660442	3317.22	3596.308697788136	3353.5389930290917	3705.2424524288213	3035.219401201281	Influenza A+B
2025-10-01	66	0.23767446081083732	3557.94	3110.744255642913	3545.096760905177	3887.8386226248103	3232.5701409117364	Influenza A+B
2025-10-08	62	0.2341885548575256	3865.68	4205.61150355698	3829.010995029106	4226.42698315607	3468.964507960218	Influenza A+B
2025-10-15	42	0.1892881179205334	3980.31	3568.5224609422053	4081.790657979377	4558.381660884476	3655.028519997803	Influenza A+B
2025-10-22	62	0.2341885548575256	4420.74	4494.795821886522	4202.354667348561	4614.572586301494	3826.960009819733	Influenza A+B
2025-10-29	62	0.2341885548575256	4124.95	5050.0105535060875	4220.603258268646	4670.9781565178455	3813.653429068408	Influenza A+B
2025-11-05	61	0.2332046627712838	4347.47	4264.109818247454	4202.495282591744	4649.687385208794	3798.312690093422	Influenza A+B
2025-11-12	62	0.2341885548575256	4281.09	3899.792502337327	4335.5370556128155	4775.3972443991015	3936.1922367061834	Influenza A+B
2025-11-19	61	0.21538206218921085	4660.12	5340.218229264725	4973.9388615970765	5578.220759372728	4435.118089820391	Influenza A+B
2025-11-26	59	0.22591437803587758	6884.9	7329.475455958312	6695.168821061196	7441.584853486758	6023.620831455956	Influenza A+B
2025-12-03	62	0.2341885548575256	9537.64	8984.466539464534	10016.94041165772	11216.599805512242	8945.589300724752	Influenza A+B
2025-12-10	62	0.2341885548575256	18775.11	23019.231522396163	15170.95284323295	17175.94743653733	13400.006667579653	Influenza A+B
2025-12-17	60	0.23235800584989044	18817.1	16643.729586372698	21484.447225534637	24026.385263105178	19211.44056969675	Influenza A+B
2025-12-24	41	0.18507990478058348	23854.31	20944.810882079128	27072.060235509325	30794.66845921754	23799.458869500275	Influenza A+B
2025-12-31	35	0.16714551983256765	37781.82	30354.743433622443	29153.29261999663	33070.456300891674	25700.113202376164	Influenza A+B
2026-01-07	61	0.2335766806669769	32935.5	30368.003089932583	28251.439557989394	31444.934967442918	25382.27024241267	Influenza A+B
2026-01-14	62	0.2341885548575256	24347.42	30999.957989986564	27983.295335602375	31367.02085440727	24964.59008568931	Influenza A+B
2026-01-21	62	0.2341885548575256	26733.45	24358.232518353554	31071.031009703034	34464.80600005436	28011.443557941533	Influenza A+B
2026-01-28	62	0.2341885548575256	34145.06	36029.2332328286	35197.15161459483	39243.5158653019	31568.00440696816	Influenza A+B
2026-02-04	62	0.2341885548575256	41499.32	39178.85757257662	34956.682879548156	39325.220657433434	31073.434745249495	Influenza A+B
2026-02-11	61	0.2301937159049534	29970.07	33749.95259899865	28087.734067987243	31321.10507408495	25188.15358551073	Influenza A+B
2026-02-18	61	0.2301937159049534	19496.09	23822.79622660108	19152.261610398593	21669.0469686521	16927.7922247249	Influenza A+B
2026-02-25	59	0.22630385705257108	11683.52	15903.897903113006	11809.784009390745	13282.584541983462	10500.29065560417	Influenza A+B
2026-03-04	61	0.2301937159049534	6764.87	6835.130500732607	7242.525743494158	7999.371848028813	6557.287264762076	Influenza A+B
2026-03-11	61	0.2301937159049534	4647.48	4898.115166530237	4968.523021014712	5505.797325342713	4483.677758482791	Influenza A+B
2026-03-18	61	0.2301937159049534	4111.6	4378.752832956343	4142.785934915135	4530.788666671392	3788.0105573627366	Influenza A+B
2026-03-25	61	0.2301937159049534	4332.04	4427.082168615815	3933.030663722082	4311.289804368329	3587.9588020514825	Influenza A+B
2026-04-01	60	0.22998034171757567	4033.52	4692.815813328679	3832.909602634366	4221.666892973065	3479.9514965096187	Influenza A+B
2026-04-08	60	0.21138722323663867	3266.51	2908.7551732832558	3637.640103829464	3952.40040998362	3347.946602668041	Influenza A+B
2026-04-15	61	0.2301937159049534	3508.07	3465.9563039228	3451.534264047217	3777.330471334859	3153.838105057839	Influenza A+B
2026-04-22	61	0.2301937159049534	3441.42	3836.6837972114345	3374.1427674485803	3683.81791102407	3090.5000437333442	Influenza A+B
2026-04-29	61	0.2301937159049534	3384.36	3160.7395443777123	3389.7678138346014	3699.326604711013	3106.1128306638498	Influenza A+B
2026-05-06	60	0.22688079714699744	3379.45	3851.9754063697533	3421.656645090266	3770.9249656158822	3104.738042693518	Influenza A+B
2026-05-13	60	0.22900830375285483	3407.51	3942.4558709932476	3409.90140749459	3718.4346969632797	3126.968349969764	Influenza A+B
2026-05-20	62	0.2341885548575256	3496.68	3659.366176673385	3359.6776274633726	3683.9480493596902	3063.9503079962797	Influenza A+B
2026-05-27	61	0.2335766806669769	3246.82	2957.0659572847326	3291.3179153099218	3621.5761966016516	2991.176502044913	Influenza A+B
2026-06-03	58	0.21277931199745564	3153.93	3472.11131326418	3228.4244979273008	3518.287327119655	2962.442736975096	Influenza A+B
2026-06-10	59	0.18824563091161337	3179.6	3247.753023862391	3198.5203485363877	3516.8064101063997	2909.0405404748494	Influenza A+B
2026-06-17	59	0.18824563091161337	3288.74	3162.162524430289	3224.150522228153	3532.435319871993	2942.7705389268863	Influenza A+B
2026-06-24	59	0.18824563091161337	3182.79	2995.9850325755224	3284.9538121153464	3611.4067474717876	2988.010573798	Influenza A+B
2026-07-01	57	0.1714924854649207	3788.79	4909.6995959972455	3336.174486491028	3708.522342401552	3001.2115815125726	Influenza A+B
2026-07-08	58	0.1858748066074162	3245.59	3160.903158674018	3346.8081475951208	3675.3527200055514	3047.632602944341	Influenza A+B
2026-07-15	58	0.1858748066074162	3201.96	2802.660480267453	3335.739464494499	3667.8458527477433	3033.7037655631593	Influenza A+B
2026-07-22	36	0.13599563863161	3435	2941.752607398438	3331.056909208923	3666.7264693152883	3026.11613526234	Influenza A+B
2026-07-29	56	0.18045670255442686	3407.48	3129.845092826812	3340.187109781765	3650.945763523941	3055.8793942705743	Influenza A+B
2026-08-05	57	0.18187996765484402	3353.96	2987.725031339199	3346.818391903527	3690.2900683822745	3035.315148896687	Influenza A+B
2026-08-12	58	0.1858748066074162	3247.23	2493.2788098086257	3336.384737871078	3654.856998571415	3045.663106230983	Influenza A+B
2026-08-19	57	0.18482090407947147	3328.1	3352.0495181660494	3317.9324733889734	3622.4288663417674	3039.0316288216186	Influenza A+B
2026-08-26	58	0.1858748066074162	3439.89	2963.290129265763	3310.9556092089647	3635.6518741423	3015.2576279703603	Influenza A+B
2026-09-02	53	0.1727805424552695	3128.05	3271.834447563073	3332.168668833061	3638.2702068555736	3051.8206197634004	Influenza A+B
2026-09-09	52	0.17136382082993193	3644.16	3111.3914374763017	3391.960519406247	3737.443325392249	3078.413547315314	Influenza A+B
2026-09-16	56	0.18105471927691755	3422.85	3435.6946986837916	3500.9508083766927	3862.1183696985804	3173.5579776209684	Influenza A+B
2026-09-23	54	0.17339241664581823	3621.78	3328.423575628601	3662.514476882706	4044.54406087999	3316.5697026568805	Influenza A+B
2026-09-30	55	0.17760062978576815	3926.91	3264.0351301361015	3871.3592899642813	4524.8713330268465	3312.23180703508	Influenza A+B
2024-10-02	20	0.06370671623111956	1354.25	1358.67806265341	1348.5172689378608	1666.5984724211826	1091.1439406168229	RSV A
2024-10-09	29	0.07837805271041821	1393.89	1532.6840516108364	1362.481736168608	1585.2469783431927	1171.0203562937425	RSV A
2024-10-16	29	0.07837805271041821	1393.89	1410.5717264742873	1380.0342385540616	1567.8572161669847	1214.7116969219283	RSV A
2024-10-23	29	0.07837805271041821	1393.89	1379.119843480032	1403.9843861079385	1591.6317636790532	1238.4599261066044	RSV A
2024-10-30	26	0.0688101289200913	1402.34	1389.6156043056549	1438.0292227298025	1630.6552555134433	1268.1577166191103	RSV A
2024-11-06	29	0.07837805271041821	1495.55	1281.3038864175528	1487.516103259219	1690.0069618982384	1309.2870072973858	RSV A
2024-11-13	28	0.0768434181383114	1679.66	1826.7780502648038	1559.0483460815353	1767.665222701461	1375.0520823761644	RSV A
2024-11-20	28	0.07783869018121337	1760.77	2479.5399462097675	1663.6533873561025	1877.88632923425	1473.860558104197	RSV A
2024-11-27	29	0.07837805271041821	1745.55	2117.3646789475138	1819.3345100556448	2057.862573535237	1608.4543749649642	RSV A
2024-12-04	38	0.08566260005100829	1743.01	1953.4212694281553	2051.4610024103426	2332.6837935676267	1804.1417598113217	RSV A
2024-12-11	29	0.07837805271041821	2195.04	2674.646922237438	2384.8364557055593	2743.60864411089	2072.9796622671597	RSV A
2024-12-18	29	0.07837805271041821	3160.65	3264.942677349438	2846.0105896951486	3329.2688087037754	2432.8994569262527	RSV A
2025-01-15	25	0.081922458753436	6897.27	8369.31342914566	6638.448656564354	7748.366130700148	5687.52170747757	RSV A
2025-01-22	27	0.09893995111004661	10780.91	11373.445076362832	8223.534859852638	9446.549659585595	7158.859904218002	RSV A
2025-01-29	27	0.09893995111004661	8595.68	11637.286478739592	10136.290307627862	11494.30115656318	8938.72361625431	RSV A
2025-02-05	27	0.09893995111004661	10178.94	10724.443694135522	12373.815217492114	13854.076841155504	11051.714581357059	RSV A
2025-02-12	28	0.10381977135888952	14205.87	14947.388434436323	14787.549692786157	16473.397862125712	13274.227196283036	RSV A
2025-02-19	28	0.10381977135888952	19031.3	19064.888766726486	17084.687234860532	18986.03849831783	15373.746236681634	RSV A
2025-02-26	28	0.10381977135888952	17596.58	20045.71377389596	18820.731533290193	20835.575873145302	17000.726910780188	RSV A
2025-03-05	33	0.11253387833842438	23091.79	23095.909870204065	19464.793353866335	21581.356904527	17555.809024651448	RSV A
2025-03-12	32	0.11155139689264357	22960.56	24043.827971667884	18623.76584999325	20642.78004782189	16802.225942041754	RSV A
2025-03-19	33	0.11253387833842438	15036.09	14571.996323278525	16501.003465629652	18287.309119005196	14889.18427532621	RSV A
2025-03-26	33	0.11253387833842438	12039.68	12247.30855152683	13728.567756049322	15296.673925304658	12321.212673603055	RSV A
2025-04-02	33	0.11253387833842438	11471.32	11468.03884537764	10880.100276143947	12147.689106738806	9744.781989298648	RSV A
2025-04-09	33	0.11253387833842438	9052.63	8428.989927763714	8332.851230004735	9335.516331326779	7437.875652189343	RSV A
2025-04-16	31	0.10814927587024217	5598.63	5498.8648732204965	6257.310377562385	7052.840206880957	5551.512867532459	RSV A
2025-04-23	31	0.10814927587024217	4767.2	5538.698203809599	4672.760324287326	5267.283085725713	4145.341857058261	RSV A
2025-04-30	30	0.10763922858355872	3421.74	3288.3558081113474	3514.9914223910155	3967.0900486350924	3114.4149863029456	RSV A
2025-05-07	33	0.11253387833842438	2551.52	2454.8104770218756	2696.727891560487	3047.9856955705654	2385.9499510410037	RSV A
2025-05-14	33	0.11253387833842438	2244.2	2083.0766352193086	2133.275670594834	2399.5581211751005	1896.5429703879022	RSV A
2025-05-21	33	0.11253387833842438	1682.83	1651.7111665908842	1751.6603043507832	1966.0598526988974	1560.6411054201976	RSV A
2025-05-28	33	0.11253387833842438	1353.19	1573.7165721875322	1501.7439514097484	1682.3157124221107	1340.5539037311817	RSV A
2025-06-04	33	0.11253387833842438	1312.2	1358.8252598943404	1345.486583204766	1500.0757214685248	1206.8285085047428	RSV A
2025-06-11	33	0.11253387833842438	1220.5	1175.747436950184	1250.567604974279	1395.3293187788886	1120.8245347985348	RSV A
2025-06-18	33	0.11253387833842438	1269.92	1514.3110998420138	1196.0894570604569	1333.2679060222904	1073.0251458308637	RSV A
2025-06-25	33	0.11253387833842438	1295.28	1241.9320876155707	1168.7939826314644	1298.194365528802	1052.2918679277009	RSV A
2025-07-02	33	0.11253387833842438	1119.68	1009.448538227653	1159.669616755939	1289.8965848497835	1042.5902632988834	RSV A
2025-07-09	32	0.10968391044234899	1142.18	1376.663142523624	1161.2791819021031	1290.2672844451774	1045.1860281795107	RSV A
2025-07-16	33	0.11253387833842438	1136.4	1148.776781309617	1168.4754414068673	1298.1825367448278	1051.727949287108	RSV A
2025-07-23	32	0.10894037252406669	1229.63	1572.072298170478	1177.3200884321218	1313.5821462645374	1055.1929276501305	RSV A
2025-07-30	33	0.11253387833842438	1223.64	1384.5652474266024	1184.0707479934463	1319.5830219113807	1062.4746703871392	RSV A
2025-08-06	32	0.11202383105174094	1116.23	1154.6373105256996	1186.5546107726739	1322.5756379161348	1064.5227418253473	RSV A
2025-08-13	33	0.11253387833842438	1286.21	1064.572534647144	1183.2407505719939	1322.2921091017859	1058.8119404003821	RSV A
2025-08-20	32	0.11090265638416458	1169.84	1000.9818319966794	1173.7152438784901	1307.998907350967	1053.2176028363444	RSV A
2025-08-27	33	0.11253387833842438	1143.41	975.6914804764461	1161.2618477921797	1294.4715691424822	1041.7602914454394	RSV A
2025-09-03	33	0.11253387833842438	1194.49	1230.8999145633911	1149.8648714898973	1282.5446459876605	1030.910874582684	RSV A
2025-09-10	32	0.10836544763029887	1126.24	1056.8006737047485	1143.6806070892974	1270.153284618752	1029.801164057733	RSV A
2025-09-17	33	0.11253387833842438	1133.46	1338.8011484620931	1147.4857767095857	1275.4040808157088	1032.3972045852838	RSV A
2025-09-24	32	0.10229837784052165	1126.5	1322.7242322335567	1166.3162466168988	1297.7373418632808	1048.2040881781454	RSV A
2025-10-01	33	0.11253387833842438	1181.99	1035.1336966346796	1202.6443953449286	1337.4940596820732	1081.3906283803399	RSV A
2025-10-08	33	0.11253387833842438	1188.05	1202.4062981478824	1255.420035960427	1403.107639019844	1123.2776608584834	RSV A
2025-10-15	33	0.11253387833842438	1648.92	1440.1710124567817	1323.8420267082067	1481.750655254602	1182.7615567193786	RSV A
2025-10-22	33	0.11253387833842438	1349.11	1371.0328611025918	1411.4409186845628	1579.5572644845722	1261.2176283378933	RSV A
2025-10-29	33	0.11253387833842438	1545.35	2020.1350071740137	1526.479504339907	1714.1083420977197	1359.3887970454605	RSV A
2025-11-05	33	0.11253387833842438	1309.07	1256.9660009297897	1678.7664412950967	1881.2069298876902	1498.1109837751105	RSV A
2025-11-12	33	0.11253387833842438	1960.84	1791.560764360748	1868.8731553718353	2091.4886347752317	1669.9525939546081	RSV A
2025-11-19	33	0.11253387833842438	2066.95	2432.1502610819202	2089.3659326801753	2345.977712697891	1860.8233049342143	RSV A
2025-11-26	33	0.11253387833842438	3081.83	3055.978343423881	2332.7249477301193	2619.9868596179053	2076.959150305083	RSV A
2025-12-03	33	0.11253387833842438	3499.05	3255.555704545342	2614.134915953253	2948.6534890478	2317.5667755429304	RSV A
2025-12-10	33	0.11253387833842438	2096.72	2672.21231418722	2964.2639045010187	3361.2535312418004	2614.1617744262676	RSV A
2025-12-17	33	0.11253387833842438	2523.85	2190.0045579185603	3421.970565514414	3876.0046118687383	3021.121934527666	RSV A
2025-12-24	33	0.11253387833842438	4263.08	3684.070110984455	4025.1829932209844	4562.280116511141	3551.3159462259155	RSV A
2025-12-31	26	0.09342754752035783	4811.12	3844.478106568379	4824.352941271903	5456.7615673660675	4265.236993522004	RSV A
2026-01-07	33	0.11253387833842438	6338.01	5965.206636288427	5876.5056799549575	6594.843919279532	5236.4118740683625	RSV A
2026-01-14	33	0.11253387833842438	7972.84	10160.735235188135	7226.89360732418	8088.48894611665	6457.076415571809	RSV A
2026-01-21	33	0.11253387833842438	7979.87	7291.650230719973	8909.600227226561	9952.419983386899	7976.047668959155	RSV A
2026-01-28	33	0.11253387833842438	10049.52	10646.597482121833	10906.447631180401	12167.61009716543	9776.003585074719	RSV A
2026-02-04	33	0.11253387833842438	11229.41	11176.670991346642	13098.482925635832	14679.349884096146	11687.864674378769	RSV A
2026-02-11	33	0.11253387833842438	21136.91	23456.34611502964	15248.650463321364	17088.53083055673	13606.86552039743	RSV A
2026-02-18	33	0.11253387833842438	14511.87	18896.167825260738	17005.046207058753	19037.340829173434	15189.705279692605	RSV A
2026-02-25	32	0.10894037252406669	16432.77	20550.091679095007	17955.001325470676	20145.671301764094	16002.54802973102	RSV A
2026-03-04	33	0.11253387833842438	22354.57	22362.339741457632	17771.67262385641	19883.690395860034	15883.990424397605	RSV A
2026-03-11	33	0.11253387833842438	16519.01	17637.34908700376	16490.150917860436	18449.033058230172	14739.259040598161	RSV A
2026-03-18	33	0.11253387833842438	12599.66	13865.609552939128	14396.507882524025	16165.381613896661	12821.19062586216	RSV A
2026-03-25	33	0.11253387833842438	11278.38	11539.036907648675	11881.13434341456	13330.815249682919	10589.101314686852	RSV A
2026-04-01	33	0.11253387833842438	12251.37	14560.943756979004	9344.42470134961	10513.391302296475	8305.433564535882	RSV A
2026-04-08	33	0.11253387833842438	7436.02	6556.079381128294	7066.329799209032	7972.060038661767	6263.50235560589	RSV A
2026-04-15	33	0.11253387833842438	5437.95	5557.930093794152	5207.612388576417	5865.022708744112	4623.891182760939	RSV A
2026-04-22	33	0.11253387833842438	3440.73	3236.3380871724794	3825.617240821752	4321.512099201504	3386.6264717798304	RSV A
2026-04-29	33	0.11253387833842438	2652.59	2455.00213082915	2867.8184696946296	3243.6898902425023	2535.5021760439563	RSV A
2026-05-06	33	0.11253387833842438	1671.16	1656.3685001895562	2226.9703074564773	2512.368082891966	1973.9928970057908	RSV A
2026-05-13	33	0.11253387833842438	2130.68	2579.709009517385	1800.1595422491457	2032.8814614644648	1594.0793592638602	RSV A
2026-05-20	33	0.11253387833842438	1583.64	1772.3823740055068	1520.6795010832914	1711.9116151803332	1350.8093084416232	RSV A
2026-05-27	33	0.11253387833842438	1252.46	950.7410016452967	1340.5333824375293	1502.0574538508188	1196.3788367897414	RSV A
2026-06-03	33	0.11253387833842438	1204.79	1355.359096370095	1226.5470490783155	1374.1373330227914	1094.808813827469	RSV A
2026-06-10	33	0.11253387833842438	1123.16	1147.1848177467002	1158.1500772423547	1292.4814666595728	1037.7801430941217	RSV A
2026-06-17	33	0.11253387833842438	1193.75	1187.844506485621	1120.062741568058	1251.5434207852416	1002.3947425346475	RSV A
2026-06-24	33	0.11253387833842438	1141.22	873.8224018540757	1100.2276634844561	1251.370992448407	967.3397567958835	RSV A
2026-07-01	31	0.09578073289173174	1086.05	1360.1368343428348	1089.7223795867712	1288.3593492180487	921.7109072037922	RSV A
2026-09-30	33	0.11253387833842438	1239.49	869.0792361195897	1237.645699670479	1585.209979308797	966.2864212984134	RSV A
2024-08-14	26	0.04550628923380826	1450.79	1362.2058116625378	1424.9206495228907	1730.8755520726588	1173.0472794565792	RSV A/B
2024-08-21	26	0.04300269876857608	1435.87	2385.0121228143757	1442.4997102636273	1668.541765421585	1247.080209337702	RSV A/B
2024-08-28	28	0.0443531914169759	1437.5	1325.9080359346235	1462.5297132943554	1663.6474548225526	1285.7250230921177	RSV A/B
2024-09-04	28	0.04584650252146055	1454.12	1566.3615895498626	1486.1748858490853	1691.8796622918624	1305.4804313544146	RSV A/B
2024-09-11	27	0.04555014948343591	1545.76	2708.808442279084	1514.0554817374352	1725.9374857170903	1328.1848391089022	RSV A/B
2024-09-18	27	0.044627827704374096	1532.51	2803.4920895688815	1545.3476216461452	1765.3429443917432	1352.7679023014014	RSV A/B
2024-09-25	28	0.04523970189492282	1456.63	2203.576522172965	1578.958699545056	1802.8164788312379	1382.8975961464992	RSV A/B
2024-10-02	34	0.04775614222788375	1995.31	3069.8553098388993	1614.6301096610273	1835.25844641674	1420.5249381165315	RSV A/B
2024-10-09	35	0.05106906098583972	1529.32	2359.73397950963	1653.8886835776607	1879.062863730908	1455.6978536817937	RSV A/B
2024-10-16	36	0.05228773580292618	1477.19	1951.125133161885	1698.6257979862944	1929.8683926073377	1495.0913816907314	RSV A/B
2024-10-23	36	0.05228773580292618	2015.36	2174.587868402025	1751.112813693807	1984.7146878550027	1545.005992572502	RSV A/B
2024-10-30	24	0.025627425316219064	1760.64	1523.5373308488556	1814.1950829655204	2059.928876626062	1597.7754554550772	RSV A/B
2024-11-06	38	0.0711232473607243	1911.9	1819.6110894605201	1891.3532513487912	2151.0636970549094	1662.9991600366493	RSV A/B
2024-11-13	38	0.0711232473607243	2185.82	2230.1231706031135	1992.2599412585487	2269.1251144523494	1749.176212569245	RSV A/B
2024-11-20	44	0.08170178242720132	2482.84	3887.2060054359954	2136.5618976273067	2450.5320676899028	1862.8186109378646	RSV A/B
2024-11-27	50	0.10460257012764933	1730.31	1917.36356723692	2351.0181134363697	2708.2601852503885	2040.899245873191	RSV A/B
2024-12-04	52	0.10512856120777851	2799.69	2691.922240822626	2669.024833819704	3079.273962336052	2313.432858095549	RSV A/B
2024-12-11	52	0.11118160757179642	2985.26	3218.082502566001	3135.726936514681	3635.822840834499	2704.417638271647	RSV A/B
2024-12-18	62	0.12283034458330955	3207.35	3197.064454605259	3822.0460221184103	4436.729661829204	3292.523301761971	RSV A/B
2025-01-01	24	0.0684836901216464	7846.2	6579.708061628365	6146.141784317889	7112.059497581481	5311.409282470714	RSV A/B
2025-01-08	32	0.07900410443030603	7575.86	11134.49073463563	7895.164001033196	9065.759074525815	6875.719296177178	RSV A/B
2025-01-15	30	0.1017014042807248	10213	11792.91917831786	10082.332103382265	11462.400925627353	8868.423055733325	RSV A/B
2025-01-22	30	0.1017014042807248	16478.49	16896.542688800197	12702.202326820872	14395.923008003154	11207.752629810277	RSV A/B
2025-01-29	32	0.10828044172487189	11994.58	15175.062119494914	15671.020374750755	17680.068847575596	13890.267153542725	RSV A/B
2025-02-05	32	0.10828044172487189	18322.55	18423.960490817026	18830.19891471083	21184.90162413648	16737.22151079518	RSV A/B
2025-02-12	28	0.09086386851313576	23228.41	26785.412975518087	21943.32539064665	24759.946664557465	19447.114960431358	RSV A/B
2025-02-19	29	0.08508081162087983	25991.1	25708.063041850197	24679.906420510142	27778.403052959602	21927.026537986767	RSV A/B
2025-02-26	24	0.09291783214907696	25456.95	28121.76059529054	26534.299149079285	29804.125677047137	23623.207033885574	RSV A/B
2025-03-05	32	0.10828044172487189	19991.83	19654.74262552267	26947.01729945986	30323.50188279402	23946.500115457045	RSV A/B
2025-03-12	30	0.10388730428919457	29570.11	30169.816616372733	25572.62509618816	28624.30940689983	22846.285826988616	RSV A/B
2025-03-19	31	0.10766856753432316	28797.85	27746.265601094154	22607.149462570826	25235.246184480224	20252.75295857167	RSV A/B
2025-03-26	31	0.10428560277229969	19797.55	20200.392811378766	18616.086045478725	20884.2259480451	16594.278404898596	RSV A/B
2025-04-02	29	0.10405172095469065	12967.2	12806.906294540782	14329.125168147551	16129.685297810502	12729.561940821683	RSV A/B
2025-04-09	25	0.07888855045371947	9256.8	8562.352392079827	10537.721456594765	11978.990742081809	9269.860532297202	RSV A/B
2025-04-16	23	0.08968900652919086	7454.51	7069.109282409914	7612.87339029432	8751.7552536567855	6622.19629970061	RSV A/B
2025-04-23	27	0.10162483850982075	6095.82	5587.832968604699	5545.647027209819	6375.82386129958	4823.565019898854	RSV A/B
2025-04-30	27	0.10522652366802794	3981.93	3641.136220177124	4151.093421222595	4774.2796717723595	3609.251609954516	RSV A/B
2025-05-07	26	0.10203476588613797	2858.2	2788.4226813528403	3247.69780739303	3737.2545303433603	2822.2699210097526	RSV A/B
2025-05-14	28	0.10569657514869958	2455.98	2268.68918553938	2690.48658429726	3069.0210389854856	2358.64074189482	RSV A/B
2025-05-21	27	0.10505645258656635	2295.24	2173.627407376906	2358.943475206611	2677.208932189445	2078.5132801230616	RSV A/B
2025-05-28	27	0.10492437396457953	2275.04	2363.141581816284	2181.7562334171153	2475.371824056375	1922.9677803531588	RSV A/B
2025-06-04	27	0.08689008248038484	1930.44	2174.720358804039	2113.493853843888	2391.630026924566	1867.7037083281177	RSV A/B
2025-06-11	27	0.08689008248038484	1933.64	1630.5720719779504	2107.3000029225045	2398.3897243088395	1851.5394963997762	RSV A/B
2025-06-18	24	0.10027515194168436	3522.56	3771.9822250250772	2121.6576898015055	2427.9458118642415	1854.0081622487048	RSV A/B
2025-06-25	28	0.10569657514869958	2314.14	2545.629446489551	2128.7455872034175	2425.18296942197	1868.542634586493	RSV A/B
2025-07-02	27	0.08689008248038484	1917.42	1742.3757693252942	2128.0882332028623	2423.4011412120885	1868.7618204352973	RSV A/B
2025-07-09	27	0.10471268306245776	2134.52	2142.5022844333857	2122.9272533449857	2419.1592900456208	1862.969562004284	RSV A/B
2025-07-16	27	0.10471268306245776	2098.49	2585.635144749635	2116.1922677248745	2404.0847227777367	1862.7753304818007	RSV A/B
2025-07-23	25	0.09742239832705153	2114.63	3252.0646883473673	2110.203942577225	2408.062303923019	1849.188317102121	RSV A/B
2025-07-30	28	0.10569657514869958	2095.32	2373.6681260050354	2107.1741912982015	2413.985195098647	1839.358038105856	RSV A/B
2025-08-06	28	0.10569657514869958	2131.34	2233.5700469445073	2108.0681636369595	2412.9806404030737	1841.685469054309	RSV A/B
2025-08-20	26	0.10462802092655489	2106.72	1837.2643075385083	2118.0971567750003	2434.150406447852	1843.080671454988	RSV A/B
2025-08-27	27	0.1056210051240033	2095.56	1682.1408841139005	2124.343975174193	2421.291193616373	1863.8143717520588	RSV A/B
2025-09-03	27	0.10508470095815087	2102.15	1960.3627355520034	2127.817621514371	2417.498386166645	1872.8483362532315	RSV A/B
2025-09-10	26	0.10444457839601763	2121.94	2196.231153385315	2125.58640228762	2406.708060485538	1877.301874610635	RSV A/B
2025-09-17	26	0.10410673593266954	2225.67	2269.604635049417	2117.3014604378104	2391.9294613957995	1874.2047149484376	RSV A/B
2025-09-24	27	0.10447790033161312	2101.97	2610.9522450174068	2105.191200498102	2397.069365602783	1848.8534600834055	RSV A/B
2025-10-01	24	0.07545895157763244	1940.16	1828.4735510820385	2091.7852037700345	2394.524545700592	1827.3211467252002	RSV A/B
2025-10-08	28	0.10569657514869958	2252.95	2584.8828527695446	2083.0597174460395	2387.1116151102	1817.735609420198	RSV A/B
2025-10-22	28	0.10569657514869958	2136.18	2262.561508713454	2115.644478828824	2416.5497649726617	1852.207484272323	RSV A/B
2025-10-29	28	0.10569657514869958	2249.15	2571.7991047926353	2183.0780596751324	2472.531916480542	1927.5099273212745	RSV A/B
2025-11-05	27	0.10471268306245776	2363.48	2445.3902258507133	2314.5867331009576	2619.006290905376	2045.551308391463	RSV A/B
2025-11-12	28	0.10569657514869958	2488.14	2317.142333640084	2543.0934364007953	2871.6314170590813	2252.142871764572	RSV A/B
2025-11-19	27	0.08689008248038484	2736.44	3050.1479850441983	2906.774505200624	3278.012827859207	2577.579304228165	RSV A/B
2025-11-26	25	0.09742239832705153	2448.02	2919.268465404159	3460.6572653518488	3917.1326143045235	3057.3763738552593	RSV A/B
2025-12-03	28	0.10569657514869958	5169.05	5036.17050608032	4290.621546375714	4862.101005139647	3786.31238527608	RSV A/B
2025-12-10	28	0.10569657514869958	4915.75	5578.837758411494	5480.210450123386	6241.883801746145	4811.481202075569	RSV A/B
2025-12-17	26	0.1038660261410644	7808.95	7134.957493413917	7098.6841880148495	8168.576140964918	6168.922996073039	RSV A/B
2026-01-07	27	0.10508470095815087	20895.37	18534.096843122097	14900.990525191984	17177.299083765763	12926.33478342998	RSV A/B
2026-01-14	28	0.10569657514869958	12511.3	15276.873382515794	18440.570265268794	21074.983243108138	16135.46391879192	RSV A/B
2026-01-21	28	0.10569657514869958	20224.15	18429.98526393368	22207.10256051804	25198.215405794766	19571.044861373688	RSV A/B
2026-01-28	28	0.10569657514869958	22113.53	23458.14561196297	25861.24849564274	29273.111348722392	22847.047783411428	RSV A/B
2026-02-04	28	0.10569657514869958	40280.78	37003.24971694818	28949.602122982902	32610.162491550127	25699.947471779004	RSV A/B
2026-02-11	27	0.10170173619612739	32693.58	37607.40705096865	30996.035246650972	34824.526742129674	27588.43524639597	RSV A/B
2026-02-18	27	0.10170173619612739	27691.15	33875.66579139476	31592.301346678913	35462.63750326088	28144.36755550387	RSV A/B
2026-02-25	26	0.10140538315810274	26847.39	40077.315421290536	30532.271388826797	34101.63245919254	27336.50939662508	RSV A/B
2026-03-04	27	0.10170173619612739	28595.37	29879.094806984933	27939.474885372118	31153.948016926046	25056.67199695618	RSV A/B
2026-03-11	27	0.10170173619612739	28696.13	30153.50330665761	24185.30542687988	27020.924008225953	21647.26115263105	RSV A/B
2026-03-18	27	0.10170173619612739	22346.47	23293.399103167656	19854.460847538958	22202.410857573876	17754.811316446954	RSV A/B
2026-03-25	27	0.10170173619612739	19227.44	19130.18536722014	15632.248458437183	17560.52728157895	13915.709246535762	RSV A/B
2026-04-01	26	0.10148836200874965	7791.06	8807.390660400848	11953.96020133833	13483.310952758022	10598.076762885232	RSV A/B
2026-04-08	26	0.08289524352781265	9690.89	8759.212922773704	8995.23830969309	10135.97193430582	7982.88637464659	RSV A/B
2026-04-15	27	0.10170173619612739	6857.13	6523.121100009166	6755.291465334229	7611.949685122736	5995.042619738711	RSV A/B
2026-04-22	27	0.10170173619612739	4358.54	4589.601839853372	5135.234440344285	5782.449625606613	4560.460438863165	RSV A/B
2026-04-29	27	0.10170173619612739	4400.1	4209.355284473531	3994.6320982189372	4482.532811268319	3559.836876153511	RSV A/B
2026-05-06	26	0.09838881743817142	3089.09	3611.881576427708	3196.6696866057396	3585.0949226591783	2850.328179786243	RSV A/B
2026-05-13	26	0.10051632404402881	2103.72	2357.208810694883	2644.018572115776	2964.4031198731805	2358.260306375679	RSV A/B
2026-05-20	28	0.10569657514869958	2335.99	2301.7556837035722	2263.3994788069517	2532.7781405820324	2022.6711209242833	RSV A/B
2026-05-27	27	0.10508470095815087	2199.35	2053.93021337144	1998.767783457681	2238.3747899360196	1784.80952794439	RSV A/B
2026-06-03	24	0.0842873322886296	2007.29	2288.9106100161484	1814.2599872024468	2031.0295066195997	1620.6260374041476	RSV A/B
2026-06-10	25	0.05975365120278733	1555.55	1645.0795065394495	1687.0206370411663	1883.8228259761459	1510.778291120898	RSV A/B
2026-06-17	25	0.05975365120278733	1567.21	1365.427944535001	1602.155446529012	1788.9193285032381	1434.8897873389662	RSV A/B
2026-06-24	25	0.05975365120278733	1525.96	1405.7882270297548	1549.2792407022193	1728.8669895605992	1388.346344839915	RSV A/B
2026-07-01	25	0.05975365120278733	1525.96	2320.3496172440036	1520.119794240457	1695.0063703879937	1363.2775836191731	RSV A/B
2026-07-08	24	0.057382826898590186	1557.68	1536.5707061141304	1507.466601384058	1685.2063679093303	1348.4731588734824	RSV A/B
2026-07-15	24	0.057382826898590186	1516.02	1329.5294753864252	1505.0715735317513	1685.3665964405616	1344.063924274668	RSV A/B
2026-07-29	22	0.05196472284560084	1503.71	1328.622572865092	1514.1375258559349	1700.7556806549478	1347.9963484950786	RSV A/B
2026-08-05	23	0.05338798794601799	1669.15	1312.409533568979	1519.0249257871744	1707.4208897866872	1351.4164778966747	RSV A/B
2026-08-12	24	0.057382826898590186	1516.02	1199.01688802223	1521.615865769847	1712.4303942550257	1352.0636229829206	RSV A/B
2026-08-19	23	0.056328924370645427	1510.07	1389.9098802070723	1521.5827868841943	1720.1065593640153	1345.9713671450036	RSV A/B
2026-08-26	24	0.057382826898590186	1516.02	1151.5942876133754	1518.682149685523	1724.1408776665146	1337.707087424875	RSV A/B
2026-09-16	22	0.05256273956809153	1523.78	1755.8562556255656	1496.2392127257333	1738.2311692528544	1287.9367378162929	RSV A/B
2026-09-23	20	0.0449004369369922	1451.28	1157.6671841085108	1485.8381754624697	1767.582074778424	1249.0028696055826	RSV A/B
2026-09-30	21	0.04910865007694214	1461.93	1130.0898223565282	1474.7840348070947	1831.0070085515745	1187.8643495976712	RSV A/B
2024-10-02	20	0.06370671623111956	2810.86	2819.9842232475817	2838.618139367246	3510.8883181935694	2295.0752661054908	RSV A+B
2024-10-09	29	0.07837805271041821	2896.13	3184.4692054845905	2833.0125558740797	3302.803394417778	2430.0447781134153	RSV A+B
2024-10-16	29	0.07837805271041821	2896.13	2930.7555072186165	2831.9465069256294	3222.5920805781857	2488.6553487245483	RSV A+B
2024-10-23	29	0.07837805271041821	2896.13	2865.4076928765476	2839.7401646536096	3221.958220077444	2502.8642992624145	RSV A+B
2024-10-30	26	0.0688101289200913	2899.53	2873.1720731595683	2865.1699207454053	3250.4594084370497	2525.5502817343418	RSV A+B
2024-11-06	29	0.07837805271041821	2997.8	2568.3044705035772	2925.345769306156	3323.1087463035446	2575.1934478570747	RSV A+B
2024-11-13	28	0.0768434181383114	3191.83	3471.334018640659	3040.6613088821246	3445.09604210634	2683.704919204505	RSV A+B
2024-11-20	28	0.07783869018121337	3267.04	4600.617137062958	3239.9306203116626	3653.3971738520277	2873.257388920911	RSV A+B
2024-11-27	29	0.07837805271041821	3293.33	3994.778780312694	3567.207819815794	4030.381432351723	3157.262369167363	RSV A+B
2024-12-04	38	0.08566260005100829	3514.35	3938.533599561435	4088.3381241290917	4646.853696823046	3596.951767307572	RSV A+B
2024-12-11	29	0.07837805271041821	4988.81	6078.739454819142	4876.662354317541	5613.128854734435	4236.823406959372	RSV A+B
2024-12-18	29	0.07837805271041821	6028.99	6227.844804932565	6022.96766128383	7051.061820486702	5144.776825452203	RSV A+B
2025-01-15	25	0.081922458753436	14622.65	17742.669102264594	16943.446176097834	19668.76236623499	14595.75152604162	RSV A+B
2025-01-22	27	0.09893995111004661	28967.4	30559.679960132882	21905.96523584891	24968.221457195163	19219.282948803517	RSV A+B
2025-01-29	27	0.09893995111004661	24309.04	32911.07771754973	27849.674513130954	31316.17429654156	24766.894038298622	RSV A+B
2025-02-05	27	0.09893995111004661	33147.87	34924.53856376805	34596.53616897905	38476.57519706048	31107.766446503207	RSV A+B
2025-02-12	28	0.10381977135888952	42068.35	44264.41257618651	41817.213927001976	46371.73828097853	37710.024369173756	RSV A+B
2025-02-19	28	0.10381977135888952	50234.91	50323.78848500338	48981.50071149675	54219.717348595426	44249.352989526575	RSV A+B
2025-02-26	28	0.10381977135888952	47688.73	54326.39178983504	55215.505913063585	60834.37083304117	50115.61805418856	RSV A+B
2025-03-05	33	0.11253387833842438	64440.38	64452.24168410509	59261.37478089592	65302.144061226776	53779.40634887988	RSV A+B
2025-03-12	32	0.11155139689264357	67558.06	70745.83431172784	59911.57550811332	65949.35663220186	54426.5640055043	RSV A+B
2025-03-19	33	0.11253387833842438	53731.76	52073.65713793265	56735.37659162093	62396.95023021398	51587.50459945371	RSV A+B
2025-03-26	33	0.11253387833842438	48357.4	49191.67683617163	50259.88325877568	55489.1621723251	45523.40973073144	RSV A+B
2025-04-02	33	0.11253387833842438	47118.6	47105.44043014598	41643.641958939974	45961.633197342046	37731.31620798615	RSV A+B
2025-04-09	33	0.11253387833842438	35554.83	33105.662950262675	32560.556816133478	35953.35383933459	29487.926631666855	RSV A+B
2025-04-16	31	0.10814927587024217	22381.99	21983.302783021965	24349.621642527825	26993.07234234763	21965.045942698853	RSV A+B
2025-04-23	31	0.10814927587024217	17938.26	20841.43716961416	17672.354100361867	19584.263227480853	15947.094655587409	RSV A+B
2025-04-30	30	0.10763922858355872	13946.5	13402.92943738416	12699.353860927326	14109.988196371389	11429.74652002359	RSV A+B
2025-05-07	33	0.11253387833842438	7228.08	6954.119504683302	9232.837557877672	10304.812914973143	8272.376225898586	RSV A+B
2025-05-14	33	0.11253387833842438	6850.81	6358.966943056015	6914.204304195811	7719.10737284591	6193.231788474852	RSV A+B
2025-05-21	33	0.11253387833842438	4805.65	4715.467727442053	5374.801954755786	6022.130611803727	4797.055712512027	RSV A+B
2025-05-28	33	0.11253387833842438	4297.16	4976.343320976137	4362.815523507858	4900.0871925251595	3884.4531830365836	RSV A+B
2025-06-04	33	0.11253387833842438	3743.24	3876.2603573808856	3703.159834019175	4149.667991098831	3304.6963722660666	RSV A+B
2025-06-11	33	0.11253387833842438	3119.86	3005.482310711499	3266.9675972784444	3664.0847361648543	2912.890407889052	RSV A+B
2025-06-18	33	0.11253387833842438	3278.38	3909.2947350756876	2975.4934922434777	3331.27025348267	2657.7133791914202	RSV A+B
2025-06-25	33	0.11253387833842438	2859.53	2741.7573991961717	2781.6341588734836	3099.9759680841744	2495.983411959694	RSV A+B
2025-07-02	33	0.11253387833842438	2583.57	2329.219207255456	2656.276387480142	2960.53267886249	2383.2887564664784	RSV A+B
2025-07-09	32	0.10968391044234899	2615.77	3152.7862675586284	2578.8824783820883	2869.98075718773	2317.3099055280927	RSV A+B
2025-07-16	33	0.11253387833842438	2474.18	2501.1280467763995	2535.4071237392413	2820.815543641529	2278.876156081124	RSV A+B
2025-07-23	32	0.10894037252406669	2566.25	3280.9298375857284	2515.3420115008435	2808.274744315095	2252.9652583419775	RSV A+B
2025-07-30	33	0.11253387833842438	2580.96	2920.388174974735	2509.6884776482807	2797.256043872265	2251.6838487625287	RSV A+B
2025-08-06	32	0.11202383105174094	2417.79	2500.9932252961858	2512.099276974597	2797.89599109097	2255.4958431158893	RSV A+B
2025-08-13	33	0.11253387833842438	2592.83	2146.03567036615	2517.176352179842	2809.509161281886	2255.261123648527	RSV A+B
2025-08-20	32	0.11090265638416458	2534.56	2168.720755293365	2521.017825177842	2809.756772410893	2261.950549339221	RSV A+B
2025-08-27	33	0.11253387833842438	2619.22	2235.0309002669705	2525.035530187629	2819.1064815743675	2261.640158107567	RSV A+B
2025-09-03	33	0.11253387833842438	2501.11	2577.346187856025	2531.8450896250106	2831.7347068861445	2263.714726619697	RSV A+B
2025-09-10	32	0.10836544763029887	2620.15	2458.61697657629	2545.89977731532	2838.945034483795	2283.1036168027626	RSV A+B
2025-09-17	33	0.11253387833842438	2525.74	2983.3040429183684	2575.594273028028	2874.2758878552986	2307.9502866388516	RSV A+B
2025-09-24	32	0.10229837784052165	2550.44	2994.7244378747764	2630.326460044104	2937.719284729749	2355.0981614789025	RSV A+B
2025-10-01	33	0.11253387833842438	2833.77	2481.6865051666864	2717.718335754822	3033.0726445002488	2435.152011901426	RSV A+B
2025-10-08	33	0.11253387833842438	2663.41	2695.603430956151	2843.124221177613	3184.5922651556248	2538.2701030493745	RSV A+B
2025-10-15	33	0.11253387833842438	3128.02	2732.029084965143	3013.329370674379	3378.452728814937	2687.6664038315266	RSV A+B
2025-10-22	33	0.11253387833842438	3170.24	3221.7657670139283	3234.079638542431	3624.703736168741	2885.551998103447	RSV A+B
2025-10-29	33	0.11253387833842438	3639.35	4757.507999180707	3510.2118476845717	3945.8032461164553	3122.706948896225	RSV A+B
2025-11-05	33	0.11253387833842438	3449.87	3312.5716682950942	3847.149351215772	4321.912120993729	3424.5393511510993	RSV A+B
2025-11-12	33	0.11253387833842438	4525.97	4134.72044400279	4245.677862728839	4771.739958462578	3777.611661779135	RSV A+B
2025-11-19	33	0.11253387833842438	4487.54	5276.456982095752	4701.809463565556	5303.524531629286	4168.36239746461	RSV A+B
2025-11-26	33	0.11253387833842438	6835.88	6787.375763492011	5216.086812142742	5882.574646875554	4625.11115711219	RSV A+B
2025-12-03	33	0.11253387833842438	8111.22	7546.770961893059	5831.940674178096	6586.027624905215	5164.19516652458	RSV A+B
2025-12-10	33	0.11253387833842438	4840.25	6168.786889662491	6625.95881397531	7496.409952024248	5856.580748047526	RSV A+B
2025-12-17	33	0.11253387833842438	5449.79	4728.915570518659	7694.742034527446	8681.267154121906	6820.3240295180685	RSV A+B
2025-12-24	33	0.11253387833842438	10402.35	8989.511548636792	9129.954428891158	10290.799396022056	8100.0576015358865	RSV A+B
2025-12-31	26	0.09342754752035783	9862.97	7881.455472266514	11051.82097488453	12429.49379147487	9826.848052707739	RSV A+B
2026-01-07	33	0.11253387833842438	14908.46	14031.561220670785	13596.231002328936	15194.981448530632	12165.694186258212	RSV A+B
2026-01-14	33	0.11253387833842438	18066.32	23024.104023331285	16870.164770074956	18801.219631139753	15137.446663199544	RSV A+B
2026-01-21	33	0.11253387833842438	18583.91	16981.196696914823	20942.93830866954	23268.70315128521	18849.639455584034	RSV A+B
2026-01-28	33	0.11253387833842438	23162.69	24538.91697521752	25736.600418500657	28490.240819892962	23249.10502824092	RSV A+B
2026-02-04	33	0.11253387833842438	26418.1	26294.08123463276	30898.829545486446	34228.705884926916	27892.894066481724	RSV A+B
2026-02-11	33	0.11253387833842438	49488.57	54919.25896607017	35782.08725520959	39580.8194778499	32347.93481362715	RSV A+B
2026-02-18	33	0.11253387833842438	42133.26	54862.60634759472	39672.85383858696	43842.253832899834	35899.96394110518	RSV A+B
2026-02-25	32	0.10894037252406669	37800.95	47272.31292791832	41936.115760349785	46455.11549151149	37856.7093517786	RSV A+B
2026-03-04	33	0.11253387833842438	48210.4	48227.2456439255	42125.59001402745	46606.243057766806	38075.70011233083	RSV A+B
2026-03-11	33	0.11253387833842438	35031.41	37403.10495423013	40305.896128646964	44583.29831922827	36438.87563232669	RSV A+B
2026-03-18	33	0.11253387833842438	31101.35	34226.325585067665	36891.304919106275	40872.17822166811	33298.16119056182	RSV A+B
2026-03-25	33	0.11253387833842438	35646.96	36510.49852357465	32424.57796073104	35861.117673900044	29317.358859027052	RSV A+B
2026-04-01	33	0.11253387833842438	34482.28	40982.79640576113	27427.70933497595	30373.186316764994	24767.873594766494	RSV A+B
2026-04-08	33	0.11253387833842438	23741.31	20931.92306657908	22372.124830332465	24834.995410625066	20153.495547248873	RSV A+B
2026-04-15	33	0.11253387833842438	16771.67	17141.73761279603	17692.748191276947	19641.51662756734	15937.3303241046	RSV A+B
2026-04-22	33	0.11253387833842438	12242.69	11515.469433596738	13735.484260896514	15301.158811052743	12330.01566816334	RSV A+B
2026-04-29	33	0.11253387833842438	11309.33	10466.930513541743	10606.238742173651	11845.325454757161	9496.767369174104	RSV A+B
2026-05-06	33	0.11253387833842438	5998.4	5945.32557510059	8230.80557925144	9194.024188102116	7368.49926619795	RSV A+B
2026-05-13	33	0.11253387833842438	8111.58	9821.091985686851	6464.203835422082	7236.630504043779	5774.224786319526	RSV A+B
2026-05-20	33	0.11253387833842438	5333.8	5969.493160521354	5172.210977347748	5783.523208566397	4625.5137966028315	RSV A+B
2026-05-27	33	0.11253387833842438	3799.67	2883.1651512127764	4238.334876928465	4724.029606130057	3802.5761958981407	RSV A+B
2026-06-03	33	0.11253387833842438	3561.42	4006.5213682504655	3571.678642762562	3977.3697665890068	3207.367953145208	RSV A+B
2026-06-10	33	0.11253387833842438	2652.28	2709.02544101201	3105.842281861793	3452.489380120474	2794.000275668875	RSV A+B
2026-06-17	33	0.11253387833842438	2886.14	2871.860306975901	2781.0165197016004	3106.8792059518432	2489.331695946559	RSV A+B
2026-06-24	33	0.11253387833842438	2902.66	2222.544888786379	2552.390038793475	2904.938051557936	2242.6278269990257	RSV A+B
2026-07-01	31	0.09578073289173174	2355.12	2949.4992985297667	2390.862501545837	2807.9465708271464	2035.7308649267388	RSV A+B
2026-09-30	33	0.11253387833842438	2793.54	1958.7084566754509	2749.758327092527	3534.5432763052654	2139.221468330287	RSV A+B
2024-10-02	20	0.06370671623111956	1456.6	1461.3061605941707	1497.3501005447256	1894.3728838615466	1183.5353761140327	RSV B
2024-10-09	29	0.07837805271041821	1502.25	1651.7851538737534	1484.7500917405398	1749.0399411827743	1260.3959366604156	RSV B
2024-10-16	29	0.07837805271041821	1502.25	1520.1837807443285	1470.3699995997288	1693.6070941751093	1276.5581480844746	RSV B
2024-10-23	29	0.07837805271041821	1502.25	1486.2878493965147	1454.3239987997395	1676.978462120185	1261.2316384855774	RSV B
2024-10-30	26	0.0688101289200913	1497.19	1483.5564688539143	1441.3554929170368	1660.6172603693024	1251.0442391163033	RSV B
2024-11-06	29	0.07837805271041821	1502.25	1287.0005840860244	1444.1689967405882	1665.7336349001523	1252.075390355994	RSV B
2024-11-13	28	0.0768434181383114	1512.17	1644.555968375855	1476.819010232892	1698.507560007315	1284.0651642291577	RSV B
2024-11-20	28	0.07783869018121337	1506.27	2121.0771908531924	1557.593875930507	1782.8404636135351	1360.8052609591898	RSV B
2024-11-27	29	0.07837805271041821	1547.78	1877.4141013651822	1714.027779533956	1971.4225728002352	1490.2392158577566	RSV B
2024-12-04	38	0.08566260005100829	1771.34	1985.1123301332784	1989.1436036449863	2305.564151409855	1716.14928758423	RSV B
2024-12-11	29	0.07837805271041821	2793.77	3404.0925325817066	2433.673634932179	2866.4589868680764	2066.2313287919337	RSV B
2024-12-18	29	0.07837805271041821	2868.34	2962.90212758313	3115.176992176539	3756.425691325446	2583.394026666322	RSV B
2025-01-15	25	0.081922458753436	7725.37	9373.355673118946	10458.73492626809	12551.628660580347	8714.816157800693	RSV B
2025-01-22	27	0.09893995111004661	18186.49	19186.23488377003	13950.332265125566	16337.838180243312	11911.721009866505	RSV B
2025-01-29	27	0.09893995111004661	15713.36	21273.791238810107	18062.91525708584	20815.17200821561	15674.57177177725	RSV B
2025-02-05	27	0.09893995111004661	22968.92	24200.094869632514	22553.200647028923	25675.56704103853	19810.540449297594	RSV B
2025-02-12	28	0.10381977135888952	27862.47	29317.024141750182	27227.48342674822	30949.494597158508	23953.084320217346	RSV B
2025-02-19	28	0.10381977135888952	31203.61	31258.899718276924	31902.90553096592	36203.04573708152	28113.529140871247	RSV B
2025-02-26	28	0.10381977135888952	30092.15	34280.67801593906	36227.06541020024	40816.621860554595	32153.573921883948	RSV B
2025-03-05	33	0.11253387833842438	41348.58	41356.33181390099	39528.804259640776	44518.0513086602	35098.71434765683	RSV B
2025-03-12	32	0.11155139689264357	44597.5	46702.006340059954	41071.25885837636	46157.107281243625	36545.79768037641	RSV B
2025-03-19	33	0.11253387833842438	38695.67	37501.660814654104	40241.71432666805	45097.81512787643	35908.51502134435	RSV B
2025-03-26	33	0.11253387833842438	36317.72	36944.36828464477	36800.56993289959	41382.15045169126	32726.234200109935	RSV B
2025-04-02	33	0.11253387833842438	35647.28	35637.40158476832	31141.395525692235	34929.46143311949	27764.14165859626	RSV B
2025-04-09	33	0.11253387833842438	26502.2	24676.67302249896	24534.085678905933	27488.15078437121	21897.484658812642	RSV B
2025-04-16	31	0.10814927587024217	16783.36	16484.43790980148	18239.86302939519	20540.830417763227	16196.64816683325	RSV B
2025-04-23	31	0.10814927587024217	13171.06	15302.738965804558	12996.138540787939	14639.47642777873	11537.27169168857	RSV B
2025-04-30	30	0.10763922858355872	10524.76	10114.573629272812	9095.424744317044	10294.823175580295	8035.7622339513055	RSV B
2025-05-07	33	0.11253387833842438	4676.56	4499.309027661428	6425.44269264699	7321.938895818007	5638.713240296454	RSV B
2025-05-14	33	0.11253387833842438	4606.61	4275.890307836705	4684.37678525186	5334.280205903404	4113.654517421486	RSV B
2025-05-21	33	0.11253387833842438	3122.82	3063.7565608511677	3551.3635051627452	4055.146329256755	3110.1671115561044	RSV B
2025-05-28	33	0.11253387833842438	2943.97	3402.6267487886025	2814.1811518842073	3217.946325914537	2461.077579772738	RSV B
2025-06-04	33	0.11253387833842438	2431.04	2517.4350974865465	2332.184031255694	2655.245395329998	2048.429258256216	RSV B
2025-06-11	33	0.11253387833842438	1899.37	1829.7348737613156	2007.1248488425463	2286.723977776815	1761.7124751356423	RSV B
2025-06-18	33	0.11253387833842438	2008.46	2394.9836352336747	1780.1841210024345	2023.318248904157	1566.266456789777	RSV B
2025-06-25	33	0.11253387833842438	1564.25	1499.8253115806012	1618.6010796064843	1827.685294778216	1433.4357574514434	RSV B
2025-07-02	33	0.11253387833842438	1463.89	1319.7706690278035	1504.3810373573974	1697.595353206038	1333.1576934905981	RSV B
2025-07-09	32	0.10968391044234899	1473.59	1776.1231250350043	1425.389901971706	1603.3773614288207	1267.1604461424881	RSV B
2025-07-16	33	0.11253387833842438	1337.78	1352.351265466783	1373.323763996521	1541.595110800661	1223.4199158675506	RSV B
2025-07-23	32	0.10894037252406669	1336.62	1708.85753941525	1342.2666355235501	1512.0917129952863	1191.514843547937	RSV B
2025-07-30	33	0.11253387833842438	1357.32	1535.8229275481328	1327.6467739089553	1492.6319810878974	1180.8978895026494	RSV B
2025-08-06	32	0.11202383105174094	1301.56	1346.355914770487	1325.490434771243	1490.2509324728887	1178.9456757827065	RSV B
2025-08-13	33	0.11253387833842438	1306.61	1081.463135719006	1332.1813519616808	1503.575027926288	1180.3249731821536	RSV B
2025-08-20	32	0.11090265638416458	1364.72	1167.7389232966852	1344.5251706752058	1515.6542005025174	1192.717926014938	RSV B
2025-08-27	33	0.11253387833842438	1475.81	1259.3394197905238	1360.2411193255282	1536.8267545368133	1203.9456609158378	RSV B
2025-09-03	33	0.11253387833842438	1306.61	1346.4462732926338	1377.197044213927	1559.6931690282713	1216.0543729080075	RSV B
2025-09-10	32	0.10836544763029887	1493.92	1401.816302871542	1395.090522200611	1575.025365267356	1235.7118863311757	RSV B
2025-09-17	33	0.11253387833842438	1392.27	1644.5028944562764	1417.684780773883	1603.6147636063358	1253.3123186756072	RSV B
2025-09-24	32	0.10229837784052165	1423.95	1672.0002056412188	1449.5484810197738	1642.7513833102696	1279.068044120391	RSV B
2025-10-01	33	0.11253387833842438	1651.78	1446.5528085320066	1496.2270226783878	1694.262002964892	1321.3394973595607	RSV B
2025-10-08	33	0.11253387833842438	1475.36	1493.1971328082693	1564.8636247451361	1778.4399965189937	1376.9360612916992	RSV B
2025-10-15	33	0.11253387833842438	1479.1	1291.85807250836	1664.0185124577756	1891.5769327713008	1463.8355764602497	RSV B
2025-10-22	33	0.11253387833842438	1821.13	1850.7329059113351	1797.2110040906964	2040.6994832277373	1582.774641622346	RSV B
2025-10-29	33	0.11253387833842438	2094.01	2737.372992006691	1962.6201774201431	2236.5714277940783	1722.2244337690415	RSV B
2025-11-05	33	0.11253387833842438	2140.8	2055.6056673653047	2157.4395610866236	2459.7641170620573	1892.2730953978764	RSV B
2025-11-12	33	0.11253387833842438	2565.14	2343.1596796420413	2379.9001445552526	2718.860838928511	2083.1977190440666	RSV B
2025-11-19	33	0.11253387833842438	2420.59	2844.3067210138324	2628.0236721966794	3017.7367945046853	2288.6384373226015	RSV B
2025-11-26	33	0.11253387833842438	3754.05	3731.397420068131	2903.1467421252537	3333.0492338964405	2528.6938220410175	RSV B
2025-12-03	33	0.11253387833842438	4612.16	4291.21525734772	3232.551557170608	3713.9834816287866	2813.5261294117245	RSV B
2025-12-10	33	0.11253387833842438	2743.53	3496.574575475274	3663.761013315151	4215.231131852527	3184.4386091324027	RSV B
2025-12-17	33	0.11253387833842438	2925.94	2538.9110126001005	4256.123790916044	4881.248778134203	3711.0564421028403	RSV B
2025-12-24	33	0.11253387833842438	6139.26	5305.441437652334	5063.787955171892	5804.1384954302475	4417.873294224891	RSV B
2025-12-31	26	0.09342754752035783	5051.85	4036.977365698131	6157.749892205213	7046.451308512269	5381.131874018297	RSV B
2026-01-07	33	0.11253387833842438	8570.45	8066.354584382363	7618.719221361314	8662.969575733247	6700.344733581422	RSV B
2026-01-14	33	0.11253387833842438	10093.48	12863.36878814313	9509.807754454374	10776.799564649447	8391.771878483683	RSV B
2026-01-21	33	0.11253387833842438	10604.05	9689.546466194843	11869.01113697404	13392.5315867377	10518.804787372492	RSV B
2026-01-28	33	0.11253387833842438	13113.17	13892.319493095694	14648.982756127067	16444.945719646195	13049.15804817415	RSV B
2026-02-04	33	0.11253387833842438	15188.69	15117.410243286107	17645.927872165215	19814.80258223857	15714.452323071253	RSV B
2026-02-11	33	0.11253387833842438	28351.66	31462.912851040503	20486.826861622416	22992.070955428055	18254.55721982308	RSV B
2026-02-18	33	0.11253387833842438	27621.39	35966.43852233395	22800.322765714438	25609.156321793096	20299.564409248644	RSV B
2026-02-25	32	0.10894037252406669	21368.18	26722.22124882333	24296.591789280305	27399.25927844428	21545.26757733728	RSV B
2026-03-04	33	0.11253387833842438	25855.83	25864.90590246788	24776.12919333076	27912.664543509614	21992.045110840325	RSV B
2026-03-11	33	0.11253387833842438	18512.4	19765.75586722638	24233.66541058348	27259.840691003872	21543.432549329522	RSV B
2026-03-18	33	0.11253387833842438	18501.69	20360.716032128505	22812.491687293674	25642.379118606266	20294.910022807926	RSV B
2026-03-25	33	0.11253387833842438	24368.58	24971.461615925997	20717.44478432866	23180.48308026759	18516.116204544265	RSV B
2026-04-01	33	0.11253387833842438	22230.9	26421.85264878213	18135.01978520595	20265.64172156434	16228.400123143228	RSV B
2026-04-08	33	0.11253387833842438	16305.29	14375.843685450804	15277.088641074732	17092.76886870554	13654.279136398893	RSV B
2026-04-15	33	0.11253387833842438	11333.71	11583.807519001894	12412.611461280942	13885.36285578217	11096.067484081888	RSV B
2026-04-22	33	0.11253387833842438	8801.96	8279.13134642426	9821.504363489046	11027.219848466782	8747.621729464874	RSV B
2026-04-29	33	0.11253387833842438	8656.74	8011.928382712592	7647.858012533154	8611.072431544631	6792.38650526318	RSV B
2026-05-06	33	0.11253387833842438	4327.24	4288.957074911032	5914.904643434643	6662.006290613254	5251.585695771558	RSV B
2026-05-13	33	0.11253387833842438	5980.91	7241.382976169472	4578.567180145472	5168.442876383262	4056.0141467162334	RSV B
2026-05-20	33	0.11253387833842438	3750.16	4197.110786515845	3574.126320530211	4029.7682876294116	3170.003345929748	RSV B
2026-05-27	33	0.11253387833842438	2547.21	1932.4241495674808	2834.713302766386	3185.365761740135	2522.6614806366665	RSV B
2026-06-03	33	0.11253387833842438	2356.63	2651.1622718803687	2301.2024968607266	2583.392461348258	2049.8367982363525	RSV B
2026-06-10	33	0.11253387833842438	1529.12	1561.8406232653103	1924.6745584787486	2157.7199081304066	1716.7993594057734	RSV B
2026-06-17	33	0.11253387833842438	1692.38	1684.0158004902787	1659.1539216357057	1870.694529082063	1471.5346054012984	RSV B
2026-06-24	33	0.11253387833842438	1761.44	1348.7224869323038	1470.5963770133453	1690.2760229473743	1279.4677761054122	RSV B
2026-07-01	31	0.09578073289173174	1269.07	1589.3624641869305	1336.9891922354864	1585.978993575759	1127.0893923533617	RSV B
2026-09-30	33	0.11253387833842438	1554.04	1089.6292205558616	1513.5004668424574	1983.7467963380404	1154.7258285991416	RSV B
2022-03-02	21	0.10279819502033248	213962.62	218600.66403962878	222829.12094022945	331886.99392331333	149607.60152736903	SARS-CoV-2
2022-03-09	22	0.1029617818973221	257389.06	251452.20055113794	309230.59912606294	395034.7243030875	242063.69099466145	SARS-CoV-2
2022-03-16	22	0.10317200288837525	510249.78	521048.66603632557	398952.7739862988	493607.5970623139	322449.0806434443	SARS-CoV-2
2022-03-23	21	0.09611880058338873	480947.69	463750.57464576495	458917.55155394436	558986.0768522475	376763.0856035345	SARS-CoV-2
2022-03-30	27	0.08675117588440193	414755.67	411594.3004109524	469048.8449446995	568295.6363903271	387134.4505500438	SARS-CoV-2
2022-04-06	30	0.0995322660000857	438895.13	505835.5464090426	435198.20033979294	535256.503175761	353844.3203497194	SARS-CoV-2
2022-04-13	30	0.10642188142808262	368059.02	367178.2011238065	373741.21466331533	451944.99151415774	309069.6836135524	SARS-CoV-2
2022-04-20	31	0.10658546830507222	354352.08	327243.91803426004	300617.9230935326	367224.960071001	246092.0294404724	SARS-CoV-2
2022-04-27	31	0.10658546830507222	175106.4	188538.83478148363	229033.32232199103	279504.9673679047	187675.6010021185	SARS-CoV-2
2022-05-04	31	0.10658546830507222	176910.08	179222.58116935243	170187.48482869574	207531.21861293432	139563.48440442485	SARS-CoV-2
2022-05-11	32	0.10796275126810946	149192.28	140996.59092413733	129227.05612506649	162038.14715089745	103059.88020956331	SARS-CoV-2
2022-05-18	32	0.10796275126810946	118210.38	121707.48530751192	105569.63079005996	130548.70152689448	85370.03290571675	SARS-CoV-2
2022-05-25	31	0.10772595333660626	47442.76	48981.509050471155	99659.56804718195	123321.58226741552	80537.64248510754	SARS-CoV-2
2022-06-01	42	0.1592017885024386	129262.97	129187.98307299174	117233.50766186247	144143.73227426503	95347.15871345399	SARS-CoV-2
2022-06-08	41	0.15913896165837738	168398.94	202062.2078025306	167926.47472354482	203205.86591647626	138772.08113996126	SARS-CoV-2
2022-06-15	40	0.14924455165311948	262418.58	254800.21991685225	248637.85865553	310540.0813353221	199075.0581727743	SARS-CoV-2
2022-06-22	43	0.16702431144001556	359173.18	340182.07916432683	325918.5702447495	399053.2949370781	266187.28820953774	SARS-CoV-2
2022-06-29	41	0.1557762674441548	332942.36	337683.3353186604	376778.046891539	458086.2767227288	309901.65790390957	SARS-CoV-2
2022-07-06	42	0.1628294697491413	405430.47	353683.3624285764	410281.45512717427	504890.59173331445	333400.6915109732	SARS-CoV-2
2022-07-13	45	0.16811251979564207	426652.95	352884.78810837184	430466.4810991471	513874.0680754197	360596.89107076376	SARS-CoV-2
2022-07-20	44	0.1678161667576174	420512.36	356405.9148189042	405420.6499485814	493364.16138434515	333153.31000843475	SARS-CoV-2
2022-07-27	44	0.1678161667576174	337147.05	277207.0119111931	318797.8259993473	385035.21445715375	263955.2177200135	SARS-CoV-2
2022-08-03	45	0.16811251979564207	207987.11	194710.6603822313	222744.21138640665	269056.5264061087	184403.5689038233	SARS-CoV-2
2022-08-10	43	0.16554982468050625	158899.83	130073.28581516839	161610.54432128207	200374.240776905	130345.93635666273	SARS-CoV-2
2022-08-17	44	0.1669271076435435	135176.56	112412.47023525195	135387.2123549377	162237.79833777595	112980.43647682473	SARS-CoV-2
2022-08-24	44	0.16837054845878935	122081.3	100817.48983238803	122744.49795512581	148970.96421990092	101135.2236132147	SARS-CoV-2
2022-08-31	45	0.16836016424833697	110450.22	97951.8332029298	109487.95042018878	132767.86249802943	90290.00739837655	SARS-CoV-2
2022-09-07	44	0.16061085236527362	108385.05	93941.16350868743	98057.4448433158	117280.3733287126	81985.2650217128	SARS-CoV-2
2022-09-14	45	0.16721967921680292	84200.61	91845.52381167882	101355.17751775865	125482.98653913614	81866.6521493129	SARS-CoV-2
2022-09-21	45	0.16836016424833697	134271.36	148982.1803535793	133823.73604813142	161118.6193188964	111152.84133880088	SARS-CoV-2
2022-09-28	45	0.16843337530285057	219955.83	263311.5212521968	199558.57891378977	242279.28745108112	164370.7426955847	SARS-CoV-2
2022-10-05	58	0.18170509565416643	220349.62	192562.64103785652	276713.3771708413	339920.00353431865	225259.7443785378	SARS-CoV-2
2022-10-12	60	0.18227757859890092	344080.84	283711.9581749264	317449.5161718561	375293.4317882374	268521.0738636328	SARS-CoV-2
2022-10-19	60	0.18309468319534247	318841.88	278907.07072414097	301841.5244955463	364091.7073723545	250234.4987951607	SARS-CoV-2
2022-10-26	62	0.1862950115070921	231562.24	222183.0086773506	242996.6232128755	289564.75680578226	203917.6298394097	SARS-CoV-2
2022-11-02	64	0.21280668316404758	169018.39	141516.50620649682	183147.92846046382	219754.7407829725	152639.09019594736	SARS-CoV-2
2022-11-09	73	0.22047696361893054	149722.38	132564.4505881702	148604.41549403744	181718.99575620863	121524.29201155769	SARS-CoV-2
2022-11-16	75	0.22264966999014746	150776.25	145694.79279877033	142548.3212597359	167134.11964343183	121579.14815550607	SARS-CoV-2
2022-11-23	75	0.2226852323547104	150601.62	157038.01083899316	159573.0502370245	189927.12365707217	134070.1521280569	SARS-CoV-2
2022-11-30	73	0.22163378362992048	223804.46	218073.97373735317	201879.86959449842	239550.22530928924	170133.34758867903	SARS-CoV-2
2022-12-07	75	0.22427762020686745	199949.03	208697.61326211723	263582.4481451017	309584.7778993916	224415.77212411704	SARS-CoV-2
2022-12-14	74	0.2091304355814734	364064.78	307149.72107929265	310477.5498881051	372867.20547334786	258527.18493209255	SARS-CoV-2
2022-12-21	67	0.22233714793036818	249527.6	292772.7697822362	297381.54838462686	347962.8038731752	254152.9851330635	SARS-CoV-2
2022-12-28	44	0.1582506730622023	344168.52	385459.21075957635	233660.6351569934	279706.19452439446	195195.14937738678	SARS-CoV-2
2023-01-04	61	0.1914551580216633	146781.57	176186.94101160744	156376.52617560505	188138.9603346267	129976.36372209206	SARS-CoV-2
2023-01-11	77	0.21577643695809254	78566.3	102993.13637646203	102481.52796715865	121158.45759739948	86683.70151576561	SARS-CoV-2
2023-01-18	76	0.21274916696642776	79277.38	94073.45664833256	84577.74150235376	103081.662384788	69395.41128989997	SARS-CoV-2
2023-01-25	80	0.2181937649810165	129800.41	119923.38924550852	106411.75130849259	127251.36140494696	88984.98759872811	SARS-CoV-2
2023-02-01	79	0.21752163629077662	196643.72	205391.88240207653	170478.50095948824	206226.0246354457	140927.50583138067	SARS-CoV-2
2023-02-08	78	0.21677511113387102	222488.63	206065.26338048594	255826.70582128214	313323.9270913916	208880.64316990032	SARS-CoV-2
2023-02-15	78	0.21582678141219216	301358.97	266236.456005766	307019.61604605144	364095.0327461283	258891.32275745715	SARS-CoV-2
2023-02-22	78	0.21675692691145784	308136.88	290428.50706403283	321038.29818965425	388564.87333125004	265246.7991275329	SARS-CoV-2
2023-03-01	75	0.21547312555073508	332846.6	298211.0859505284	322106.030010455	385565.24898346857	269091.4050024892	SARS-CoV-2
2023-03-08	76	0.21511164596907414	332499.02	390390.9270931638	306868.32801561896	367514.9503660769	256229.4966376247	SARS-CoV-2
2023-03-15	65	0.2024527481380287	243858.44	317285.4078847133	259578.36988371157	316790.94796851673	212698.40739951134	SARS-CoV-2
2023-03-22	73	0.19967436728181853	218451.59	217639.13849689407	192854.33036245726	229203.36082261032	162269.8402242749	SARS-CoV-2
2023-03-29	78	0.21480533546897188	120081.75	133207.75010891716	143264.16384253185	174166.97169663385	117844.50542810062	SARS-CoV-2
2023-04-05	76	0.2327869472371273	129878.44	138938.227076795	122583.49419007906	148670.76015378366	101073.76213255149	SARS-CoV-2
2023-04-12	78	0.23158982321296598	117250.62	138868.79380407848	119851.21622844835	143785.45407797417	99901.02353224535	SARS-CoV-2
2023-04-19	80	0.23575623872043294	117889.33	129742.52730279832	117969.43648386394	144813.56952785145	96101.40810487959	SARS-CoV-2
2023-04-26	75	0.22442030826761555	104554.12	122617.14863597865	105858.37888610603	126553.84304284936	88547.26265878932	SARS-CoV-2
2023-05-03	75	0.23385566741697328	104474.59	100095.34519998933	88239.83661171464	106331.37658694597	73226.44561923217	SARS-CoV-2
2023-05-10	74	0.23277006696808142	62179.73	76632.85984523522	71585.3096863633	86650.71936783323	59139.22700559665	SARS-CoV-2
2023-05-17	63	0.20561234568823222	53372.14	56497.32854847568	58240.2254863417	69299.62513875602	48945.77507321871	SARS-CoV-2
2023-05-24	74	0.23229079298086644	51595.33	51198.30491953293	48017.897519454484	58415.36806253547	39471.093971718015	SARS-CoV-2
2023-05-31	79	0.23812694448341487	40407.38	35495.995926428484	40365.144331488154	48034.8787640802	33920.03724843938	SARS-CoV-2
2023-06-07	74	0.22946657223673464	35026.58	31432.324811910268	34128.14245314329	40638.45380543872	28660.787954146123	SARS-CoV-2
2023-06-14	77	0.2300045952502076	28997.44	25475.37190493766	28430.1384840852	34307.677968206925	23559.530172030074	SARS-CoV-2
2023-06-21	78	0.22422801070830214	23084.99	23107.066477735058	23704.433854613824	27986.46816489936	20077.566810395085	SARS-CoV-2
2023-06-28	76	0.2232068848263629	21580.01	21114.572129737386	21413.7732236488	25760.386404034267	17800.57474611662	SARS-CoV-2
2023-07-05	77	0.22630642939694112	19357.33	20059.013458517064	22562.54844657268	26813.71564998893	18985.380431754875	SARS-CoV-2
2023-07-12	76	0.22432741937137712	30589.87	31350.376553664624	26526.305833085476	31276.51766462838	22497.546200488912	SARS-CoV-2
2023-07-19	78	0.23034572130521702	33289.28	29449.794791394383	31129.598612943446	37236.20059477745	26024.45723044269	SARS-CoV-2
2023-07-26	78	0.22363391770003488	33081.88	39275.646143573256	34125.76798986545	40040.26679783437	29084.922105491885	SARS-CoV-2
2023-08-02	77	0.21938727349811393	33032.95	50679.76788806555	36950.4460147814	44462.0926028195	30707.854281350086	SARS-CoV-2
2023-08-09	78	0.22784412233240037	39604.59	55180.33366154016	42478.53918983332	51212.38889854558	35234.17537262063	SARS-CoV-2
2023-08-16	77	0.213055181113492	66309.4	66963.40547158307	52379.56160632998	62817.05997373725	43676.32734194148	SARS-CoV-2
2023-08-23	80	0.22985579046275467	75343.39	68975.23711592068	66399.52579384686	81539.67100703446	54070.57658188707	SARS-CoV-2
2023-08-30	82	0.23467219116146032	53259.58	63340.12995057524	83167.9998120037	99594.3115352305	69450.9162833327	SARS-CoV-2
2023-09-06	81	0.2294667263403144	113189.66	99100.68320890126	100769.25570937594	120779.98130170885	84073.89028199762	SARS-CoV-2
2023-09-13	81	0.23282144273075336	119492.3	130330.39301982845	116260.20597471615	139663.9080101231	96778.2993177001	SARS-CoV-2
2023-09-20	82	0.23062756489849998	140675.98	136286.75189869115	128694.2766854575	152416.37562941125	108664.28743761005	SARS-CoV-2
2023-09-27	84	0.23622971604222415	138678.64	121168.22382042826	141820.82724888847	172253.79315222954	116764.61036642623	SARS-CoV-2
2023-10-04	85	0.23371832556503114	139435.51	125949.20730467953	160686.7775322147	191598.30029687306	134762.3670652618	SARS-CoV-2
2023-10-11	83	0.22707957891078287	187414.06	183276.02994011872	185247.66665439794	218890.565866456	156775.59178971368	SARS-CoV-2
2023-10-18	83	0.22755005713982926	235600.58	219461.23962075234	211403.92636668833	251356.91204636294	177801.43668779946	SARS-CoV-2
2023-10-25	79	0.2243849000066324	215866.7	257801.9902524349	234830.2687407171	275461.3896092823	200192.32167185424	SARS-CoV-2
2023-11-01	70	0.21997194247977198	234291.17	288445.6337054373	254742.18572149906	307422.0918907872	211089.5179557245	SARS-CoV-2
2023-11-08	122	0.3093898333956564	302841.39	320792.2973494121	271868.32661069854	326357.33347837965	226476.86885515615	SARS-CoV-2
2023-11-15	120	0.3063745005043632	284109.34	444501.75181688886	293467.88800144504	357781.2385784233	240715.25279029136	SARS-CoV-2
2023-11-22	127	0.3194750591950376	340602.11	449489.2844166811	333507.6123446133	420379.6269282358	264587.8162663501	SARS-CoV-2
2023-11-29	135	0.3257974074917692	328705.65	504609.1283117898	402051.7239475704	498531.4209047134	324243.5320041932	SARS-CoV-2
2023-12-06	143	0.34193646202718875	461335.72	583186.463881606	471818.15849121346	594771.1759191654	374282.38572256366	SARS-CoV-2
2023-12-13	144	0.34155985658646704	544448.57	945229.8952957465	488017.8085435627	611025.0180021857	389773.5353527038	SARS-CoV-2
2023-12-20	142	0.32871234782790115	459231.61	630498.2242067079	428466.95417611947	528709.9488570819	347229.9532433922	SARS-CoV-2
2023-12-27	87	0.18906387350372092	363542.13	506329.75428793585	325201.4576411422	411294.26207700593	257129.74335665072	SARS-CoV-2
2024-01-03	145	0.3246161324280815	206940.28	373874.9015878156	221900.78347778544	273860.06719911506	179799.69921008666	SARS-CoV-2
2024-01-10	161	0.3599742741854752	130380.86	167632.3969734168	154050.00026226533	190856.80062831967	124341.40414529528	SARS-CoV-2
2024-01-17	163	0.35699204985559013	124516.75	163520.494779941	125650.42928176073	156101.77167968077	101139.34139765966	SARS-CoV-2
2024-01-24	166	0.36531896566388505	116040.14	179780.14151533	120563.03219689125	145401.03789115633	99967.95719841777	SARS-CoV-2
2024-01-31	164	0.36365318894539156	134011.12	157874.68843121576	112524.00986954178	137898.96683724175	91818.32966207011	SARS-CoV-2
2024-02-07	163	0.355461184894127	83851.29	130958.55433458053	86167.07378756076	103807.44399872168	71524.39477464036	SARS-CoV-2
2024-02-14	165	0.3647070914733363	60808.1	91175.28959996118	57852.876606306105	69537.77208910508	48131.47201977828	SARS-CoV-2
2024-02-21	164	0.36160625480351233	39656.93	58203.12179135218	40293.284100100806	48971.415648253766	33152.98775989804	SARS-CoV-2
2024-02-28	167	0.36543584730208195	27591.38	37348.82204717628	32213.75561749448	38346.97203584484	27061.48610674247	SARS-CoV-2
2024-03-06	164	0.3635876356533805	30176.14	34983.17506981943	28575.345446888517	34927.95256861297	23378.134341111723	SARS-CoV-2
2024-03-13	167	0.36543584730208195	27329.7	36714.828380903135	26763.15238418057	32518.358607868686	22026.521515927627	SARS-CoV-2
2024-03-20	167	0.36543584730208195	32029.87	34576.38427978103	25351.354023276996	30603.05549459196	21000.881788653303	SARS-CoV-2
2024-03-27	152	0.3394609184134752	16819.98	18661.843606576385	23365.924655713374	28704.87325935375	19019.991138214344	SARS-CoV-2
2024-04-03	159	0.3554570240974731	25113.42	33677.60318705382	20793.782794982682	24822.358367544257	17419.02991338105	SARS-CoV-2
2024-04-10	161	0.36334284804397216	21154.87	22779.747671355566	19500.58978801121	23537.88091292745	16155.787493658103	SARS-CoV-2
2024-04-17	162	0.3615669465365487	16370.42	21507.06452217794	21301.16467525113	25717.376545672294	17643.30882336914	SARS-CoV-2
2024-04-24	161	0.36076788391306214	25437.79	29721.224953545974	26499.366305946405	31610.580123417516	22214.60067721177	SARS-CoV-2
2024-05-01	151	0.3345875705149827	44971.54	45682.68017453031	32603.20438906883	39864.71907929178	26664.40303570505	SARS-CoV-2
2024-05-08	151	0.33335638959969166	30448.22	38499.355465919485	35397.23263001628	42255.33463253548	29652.210514000766	SARS-CoV-2
2024-05-15	165	0.36395408211195873	33621.33	33695.586616347755	35306.94971432029	41925.3893131024	29733.312404566354	SARS-CoV-2
2024-05-22	161	0.35239160754275384	37832.29	47588.90799435182	35268.28141035764	42000.40019013006	29615.233855140243	SARS-CoV-2
2024-05-29	162	0.35636862975067995	36693.82	46905.65293072971	37461.32221252054	43798.41957836146	32041.125579873842	SARS-CoV-2
2024-06-05	133	0.32750521892517614	37521.02	47489.404060002424	43264.29700069106	51747.93397942153	36171.480695410166	SARS-CoV-2
2024-06-12	165	0.364594204674092	62024.72	71145.61247196989	54953.15973535675	64899.29657712357	46531.317351197686	SARS-CoV-2
2024-06-19	166	0.36591522797639064	75806.07	98506.81642300844	73058.42057543041	86306.90145896509	61843.638535838545	SARS-CoV-2
2024-06-26	166	0.3665056343528648	98096.42	102542.20299721425	94066.85512684891	112608.34881366228	78578.30548690207	SARS-CoV-2
2024-07-03	165	0.3633163185200082	93460.89	132517.08635481974	111352.88817149453	129954.92787196412	95413.58613464609	SARS-CoV-2
2024-07-10	164	0.33934549483222537	135293.09	152756.5879723876	121622.27385214358	143840.39559364386	102836.04571523752	SARS-CoV-2
2024-07-17	164	0.3554813013383481	123223.27	132168.45438197907	124105.98342310842	145674.41733779587	105730.9540198907	SARS-CoV-2
2024-07-24	166	0.36383845701064305	120356.17	131671.89465534143	122458.49269219162	142533.26242789344	105211.10775830281	SARS-CoV-2
2024-07-31	157	0.33128942199244193	127955.42	134640.1229921147	122798.22559839452	145609.62509214008	103560.49059649816	SARS-CoV-2
2024-08-07	163	0.36103006151874173	121729.01	129116.12458182812	128883.50578614586	150143.87221974862	110633.60640796524	SARS-CoV-2
2024-08-14	163	0.3589379987362321	130188.31	132128.82050532513	136193.15748161235	161294.43157772263	114998.2424276891	SARS-CoV-2
2024-08-21	166	0.36331213401511125	139504.46	144393.03670651407	137698.5358376789	163440.7336919874	116010.77860781831	SARS-CoV-2
2024-08-28	166	0.3633031722992414	151934.68	133906.46584143522	132825.05649609785	155215.6064492021	113664.44416763914	SARS-CoV-2
2024-09-04	165	0.3635717511305424	138282.8	150769.1628089407	128104.43045372778	152444.02411288302	107650.95711276955	SARS-CoV-2
2024-09-11	158	0.3275389439009033	102976.17	154530.73891709387	129001.32740278206	150951.87272017638	110242.70300063306	SARS-CoV-2
2024-09-18	163	0.34859736403455976	131424.53	135747.9188677844	137389.03675899137	161351.88383865703	116984.98320873766	SARS-CoV-2
2024-09-25	165	0.3631632462488077	175870.58	197783.29028726163	155143.53205953873	183446.44591033857	131207.31459509092	SARS-CoV-2
2024-10-02	152	0.3381580082088606	176222.74	195604.33106951398	181483.3002208325	210554.33325314173	156426.07658635481	SARS-CoV-2
2024-10-09	165	0.3631715915503585	204909.94	253473.96256082584	206532.77562259109	243365.70835115004	175274.43654807736	SARS-CoV-2
2024-10-16	165	0.3551175931818412	222291.73	241823.70522458837	215598.14583512375	250764.66058527387	185363.28196746306	SARS-CoV-2
2024-10-23	167	0.3673639438757133	203607.88	198778.66274028854	206942.10215233263	240219.62169260712	178274.50289646527	SARS-CoV-2
2024-10-30	148	0.32399029408238106	187053.06	173446.9289184124	188744.31004825322	222424.54148524406	160164.0463669541	SARS-CoV-2
2024-11-06	157	0.3544097598775801	162938.96	142345.50072006098	168490.5041581045	195674.51636016986	145083.02112881016	SARS-CoV-2
2024-11-13	162	0.35334765429754283	165644.89	170444.6618122443	150420.36401593365	177873.37760469128	127204.45417622311	SARS-CoV-2
2024-11-20	164	0.362464682867576	127810.19	196529.63867395444	137034.51299483367	161770.3991005286	116080.92615300891	SARS-CoV-2
2024-11-27	167	0.36703693607943544	128701.04	160895.59639669344	129575.8415842346	152645.22252673702	109992.95257551724	SARS-CoV-2
2024-12-04	167	0.3486630951383936	120666.44	125637.60343824177	129043.31842625274	154769.30805229733	107593.54189806421	SARS-CoV-2
2024-12-11	165	0.35965772172437876	134696.29	148975.39223661865	134272.36179546386	158968.79431626337	113412.6179900672	SARS-CoV-2
2024-12-18	166	0.3640317740244073	136297.79	139992.27690389243	133577.43786095743	161770.14043216148	110298.0553631923	SARS-CoV-2
2024-12-25	45	0.13505413688392723	141657.52	169922.69111764466	114647.77334362097	140528.70376181538	93533.2895045305	SARS-CoV-2
2025-01-01	65	0.18435043770454657	107978.8	95795.6729120299	85780.77077532727	104747.88647856007	70248.1060208824	SARS-CoV-2
2025-01-08	47	0.15624533503274018	42210.98	63540.58846204227	64050.81343925561	79637.93758448612	51514.47697748411	SARS-CoV-2
2025-01-15	61	0.21517723482344975	35745.13	41490.83573479521	53657.97141032128	64970.31510841722	44315.282926769185	SARS-CoV-2
2025-01-22	62	0.20935546237030628	65725.56	68746.04452134426	49391.89173389546	58664.498387676525	41584.92846783331	SARS-CoV-2
2025-01-29	64	0.21593449981445337	48819.95	64851.32616552223	46638.01837905294	55282.646018979845	39345.163716984796	SARS-CoV-2
2025-02-05	64	0.21593449981445337	37701.91	39023.57416154639	43241.541348011284	50108.38497986179	37315.72867302033	SARS-CoV-2
2025-02-12	63	0.21509776479277307	40364.77	44547.72026476011	39265.486287466396	45942.36122477402	33558.97198770492	SARS-CoV-2
2025-02-19	64	0.21681948111072408	37455.3	37696.765094563205	35015.39162845926	40704.743785224375	30121.247227686403	SARS-CoV-2
2025-02-26	65	0.23657090136784115	30731.62	33110.282528079726	31176.718874896014	36402.84833725539	26700.87216251004	SARS-CoV-2
2025-03-05	67	0.24507030649838793	26100.24	25156.83680710574	28385.73813943526	33607.5585015602	23975.265257164796	SARS-CoV-2
2025-03-12	65	0.2400929861000349	26781.05	26762.601643416907	26869.412203438085	31200.727576074925	23139.374246896692	SARS-CoV-2
2025-03-19	66	0.2444584323078392	29137.39	25901.69066846109	26394.18531834196	30919.013703497778	22531.540795564506	SARS-CoV-2
2025-03-26	67	0.24507030649838793	25866.56	25243.94549243989	26743.42778208001	31192.164283047365	22929.185773878442	SARS-CoV-2
2025-04-02	66	0.2417748607155539	24255.23	24599.95212924536	27164.587271827906	31519.803345651788	23411.148653329128	SARS-CoV-2
2025-04-09	66	0.2447739534603633	28944.99	27029.967998477536	26407.05569857284	31219.58907737225	22336.379538478624	SARS-CoV-2
2025-04-16	61	0.23238331439933774	26170.3	25802.75340092309	24009.733799864152	27983.49495593548	20600.261620218625	SARS-CoV-2
2025-04-23	63	0.2360789908870848	26139.14	26317.94811726855	21881.975176650707	25666.63528066624	18655.380122701023	SARS-CoV-2
2025-04-30	62	0.23894253175230173	16610.49	15528.828397713274	21856.291968722915	25680.262063742543	18601.737686178578	SARS-CoV-2
2025-05-07	65	0.2414084972358263	19867.94	19180.519608329483	24352.116979252223	28188.601942169178	21037.77982986941	SARS-CoV-2
2025-05-14	67	0.24507030649838793	32895.73	30252.43170631805	28314.089635027034	33122.82636695702	24203.480191536444	SARS-CoV-2
2025-05-21	66	0.2444301839362547	35030.73	33595.37702771426	32231.08544172847	37143.98644382616	27967.996120262178	SARS-CoV-2
2025-05-28	65	0.24308611622171925	36385.24	41556.136960178315	35331.43006212591	40869.60378637684	30543.725277096928	SARS-CoV-2
2025-06-04	63	0.24248643992221564	33917.16	35684.546707322	37340.31326725336	43685.38644025474	31916.82868145156	SARS-CoV-2
2025-06-11	63	0.24248643992221564	36714.13	34117.2036100917	38096.1099819727	44181.32995946886	32849.02462397507	SARS-CoV-2
2025-06-18	59	0.23706501671520042	35050.17	38852.81277388646	37572.38913582543	44369.475204632545	31816.56800904649	SARS-CoV-2
2025-06-25	63	0.24248643992221564	44206.71	44426.547141861716	35972.21929764526	42112.25507073607	30727.410798218847	SARS-CoV-2
2025-07-02	63	0.24248643992221564	29360.68	27173.89339436368	34521.88050700613	40263.97395113812	29598.673871244213	SARS-CoV-2
2025-07-09	63	0.24248643992221564	33424.6	35070.278470363446	34838.86447241979	41143.45277625463	29500.355362205548	SARS-CoV-2
2025-07-16	63	0.24248643992221564	39215.05	47350.03632985833	38038.58911757797	44182.28740855927	32749.193102564717	SARS-CoV-2
2025-07-23	63	0.24248643992221564	42328.04	57705.7590250909	43863.720706284395	51450.787212439864	37395.4627021475	SARS-CoV-2
2025-07-30	63	0.24248643992221564	49990.81	53796.104678293486	51735.31876865103	60364.65053782837	44339.57927772051	SARS-CoV-2
2025-08-06	63	0.24248643992221564	70199.27	73183.3404996119	61221.74057700031	70643.79005442851	53056.348143124094	SARS-CoV-2
2025-08-13	47	0.22708238833758332	66569.48	56724.95354053034	72081.84819123399	84527.92999487827	61468.35535874269	SARS-CoV-2
2025-08-20	61	0.24141788570007092	73178.59	62684.13257290395	83660.7838650636	96776.25793808406	72322.76703026498	SARS-CoV-2
2025-08-27	62	0.24241086989751934	104990.48	91197.17133464823	94343.85424465645	109805.79927556582	81059.13250902036	SARS-CoV-2
2025-09-03	62	0.2418745657316669	106431.66	101429.13684761804	101837.59002873588	118659.47384659428	87400.47807955577	SARS-CoV-2
2025-09-10	61	0.24123444316953369	102967.53	101257.43547863024	106950.25179846784	122644.74995493182	93264.13371920868	SARS-CoV-2
2025-09-17	61	0.24089660070618557	115840.78	121947.42790785956	115532.37630200178	134531.20910495415	99216.60604101275	SARS-CoV-2
2025-09-24	62	0.24126776510512918	118441.2	132395.66099369453	133857.3473533969	154895.1774508878	115676.87087074808	SARS-CoV-2
2025-10-01	60	0.23168006864010526	154179.67	139987.09837998054	155782.7933791852	182098.86619235622	133269.79580085157	SARS-CoV-2
2025-10-08	63	0.24248643992221564	187041.13	201007.1044152418	163406.8696103196	192810.54410762817	138487.2656183101	SARS-CoV-2
2025-10-15	43	0.1975860029852234	151511.58	137998.67027124393	147922.18460469597	171457.3268416672	127617.60084147239	SARS-CoV-2
2025-10-22	63	0.24248643992221564	136045.93	139800.2768345727	125055.26183272313	146996.1126979218	106389.33387435105	SARS-CoV-2
2025-10-29	63	0.24248643992221564	97806.06	122318.814803189	108007.42859391529	125764.35119290966	92757.64173884112	SARS-CoV-2
2025-11-05	63	0.24248643992221564	88491.85	89227.9728543168	101203.0578147281	117159.79766310028	87419.56810562979	SARS-CoV-2
2025-11-12	63	0.24248643992221564	115996.77	106475.9112124417	107285.19522254288	126022.99439506386	91333.43616528108	SARS-CoV-2
2025-11-19	62	0.2236799472539009	130732.82	152317.60166930052	129639.05440189442	149888.02256913157	112125.59975208106	SARS-CoV-2
2025-11-26	60	0.23421226310056759	174008.09	187059.4830193096	163055.83254444893	190954.38490769992	139233.27573553557	SARS-CoV-2
2025-12-03	63	0.24248643992221564	203802.12	193189.549140887	191897.6374012945	225038.05621860092	163637.67026332358	SARS-CoV-2
2025-12-10	63	0.24248643992221564	138583.77	170222.88022956505	196831.00737658018	229481.28792350812	168826.16362948593	SARS-CoV-2
2025-12-17	61	0.24065589091458045	175697.56	156851.1419470575	169274.5017558323	200300.2018404836	143054.558514648	SARS-CoV-2
2025-12-24	42	0.19337778984527348	144177.99	128022.38977989974	120430.172207805	140602.65496712638	103151.86709235712	SARS-CoV-2
2025-12-31	36	0.17403777872966372	62576.96	49909.63000340081	77936.55646887116	92679.57266310914	65538.78767120518	SARS-CoV-2
2026-01-07	62	0.2418745657316669	53080.31	49217.0244821716	51938.80852554104	62160.056082476156	43398.28502524983	SARS-CoV-2
2026-01-14	63	0.24248643992221564	32709.72	41928.15744338654	38321.989098304395	44698.270700297806	32855.294521288415	SARS-CoV-2
2026-01-21	63	0.24248643992221564	28098.17	25802.991963592354	31396.825221342413	37042.62613081594	26611.52129166847	SARS-CoV-2
2026-01-28	63	0.24248643992221564	30882.06	32791.868513983805	28245.74343254344	32991.976656570325	24182.304393640672	SARS-CoV-2
2026-02-04	63	0.24248643992221564	30401.2	28951.473840145398	25839.806566909767	30072.299515261955	22203.01121556906	SARS-CoV-2
2026-02-11	62	0.23849160096964342	21042.16	23788.77493562053	21643.749452561457	25531.87875092481	18347.72501213943	SARS-CoV-2
2026-02-18	62	0.23849160096964342	17102.58	21118.423472892846	15788.04819324222	18483.158915879172	13485.923422862186	SARS-CoV-2
2026-02-25	60	0.2346017421172611	7408.83	10141.80240863418	10656.732454116225	12622.789981403968	8996.897418551742	SARS-CoV-2
2026-03-04	62	0.23849160096964342	9469.62	9622.745678933432	7149.064561922493	8458.604063294044	6042.2646252380055	SARS-CoV-2
2026-03-11	62	0.23849160096964342	5108.47	5396.566845266671	4968.42009738697	5807.957591503596	4250.237346813704	SARS-CoV-2
2026-03-18	62	0.23849160096964342	3041.83	3241.906025291456	3656.181002255506	4285.534892972015	3119.2511215288728	SARS-CoV-2
2026-03-25	62	0.23849160096964342	2773.57	2842.5798242279884	2886.9570665641522	3365.5216559084947	2476.442571555778	SARS-CoV-2
2026-04-01	61	0.23827822678226568	2513.86	2938.746919621057	2416.176252329399	2818.631839483315	2071.184892096688	SARS-CoV-2
2026-04-08	61	0.21968510830132867	2185.94	1951.9611557393641	2107.313225591069	2458.6549812990365	1806.1782008977705	SARS-CoV-2
2026-04-15	62	0.23849160096964342	2019.3	2003.055659992294	1892.7621611126558	2195.4183517141037	1631.829576236678	SARS-CoV-2
2026-04-22	62	0.23849160096964342	1612.81	1670.1722413077948	1738.7491244638802	2018.6823832418102	1497.6345674394122	SARS-CoV-2
2026-04-29	62	0.23849160096964342	1788.08	1679.9136844351701	1624.3225967355866	1879.9753293115675	1403.4353840334754	SARS-CoV-2
2026-05-06	61	0.23517868221168747	1537.05	1625.4570279986551	1541.624754274628	1781.70085883626	1333.8978152284315	SARS-CoV-2
2026-05-13	61	0.23730618881754487	1228.17	1422.182657305857	1487.169855351704	1718.5735703890314	1286.9243521335861	SARS-CoV-2
2026-05-20	63	0.24248643992221564	1938.48	2032.9428075633311	1459.91731590282	1680.5179557115255	1268.2747970821204	SARS-CoV-2
2026-05-27	62	0.2418745657316669	1295.02	1088.8725048258973	1461.6111823612262	1681.6016908645734	1270.4002737443893	SARS-CoV-2
2026-06-03	59	0.22107719706214565	1409.89	1573.6525618301846	1495.4099252308927	1716.619632112529	1302.7060873858582	SARS-CoV-2
2026-06-10	62	0.2236799472539009	1347.95	1374.383780544167	1564.103725081081	1791.9501248245044	1365.227987610484	SARS-CoV-2
2026-06-17	63	0.24248643992221564	1941.11	1928.6215795322178	1671.6887385035784	1914.934538419754	1459.341393855585	SARS-CoV-2
2026-06-24	63	0.24248643992221564	1433.13	1295.8944877743365	1823.9558099010844	2084.503264695443	1595.9748554090113	SARS-CoV-2
2026-07-01	61	0.22573329447552298	2297.95	2971.8333895946466	2027.4405443426044	2315.715337035344	1775.0520088132484	SARS-CoV-2
2026-07-08	62	0.24082686290927763	2938.63	2898.437095218957	2291.2419673787726	2613.083173865603	2009.0404337614698	SARS-CoV-2
2026-07-15	63	0.24248643992221564	2433.47	2162.1123672165336	2632.7910460855965	2995.991397494897	2313.6210264636775	SARS-CoV-2
2026-07-22	43	0.1975860029852234	3349.54	2963.081926139507	3080.7850568936938	3503.058643514516	2709.4141242400674	SARS-CoV-2
2026-07-29	61	0.2370683358692263	3679.98	3431.9709478626155	3676.507668468801	4171.763736791639	3240.0465340602295	SARS-CoV-2
2026-08-05	61	0.21968510830132867	3402.63	2552.588743352115	4478.843931330658	5076.565128996061	3951.499183303993	SARS-CoV-2
2026-08-12	63	0.24248643992221564	5423.58	4264.503342851753	5574.428950016303	6309.2682911868305	4925.1762145201965	SARS-CoV-2
2026-08-19	62	0.24143253739427087	6196.56	6580.0213722840135	7078.839036991485	7989.883717112609	6271.676020053934	SARS-CoV-2
2026-08-26	63	0.24248643992221564	7033.46	5191.020655365732	9139.354178253781	10292.76735077413	8115.1931204665425	SARS-CoV-2
2026-09-02	62	0.2418745657316669	14578.64	15247.729075016969	11952.967546024713	13429.467997051705	10638.800672348774	SARS-CoV-2
2026-09-09	61	0.24045784410632934	15217.19	13243.66523191428	15777.215067358087	17761.35129223569	14014.728450896964	SARS-CoV-2
2026-09-16	62	0.2418745657316669	23394.22	19837.49052420264	20939.45337365387	23842.602838806328	18389.800415321424	SARS-CoV-2
2026-09-23	63	0.24248643992221564	27936.86	26264.25430195564	27867.430925843244	32524.416357592145	23877.252642086685	SARS-CoV-2
2026-09-30	60	0.23421226310056759	39201.86	30498.229802527447	37145.25580919261	45130.421252990585	30572.948153878056	SARS-CoV-2
